Epoch,Phase,Loss,MSELoss,CCELoss,Accuracy
1,train,100.8501587562561,0.012000819647967816,8.443847458999635,"tensor(89.4629, device='cuda:0', dtype=torch.float64)"
1,val,6.92741439819336,0.0004396441929042339,3.5421540557861326,"tensor(99.8400, device='cuda:0', dtype=torch.float64)"
2,train,6.549412719696045,0.00043039738627709446,3.2353528452301026,"tensor(99.9966, device='cuda:0', dtype=torch.float64)"
2,val,4.924555059814453,0.00025790525898337365,2.938684585571289,"tensor(99.8400, device='cuda:0', dtype=torch.float64)"
3,train,5.2563939083557125,0.00031720377045031634,2.8139248751068116,"tensor(99.9961, device='cuda:0', dtype=torch.float64)"
3,val,4.369089453125,0.00022787980120629072,2.614415008544922,"tensor(99.8400, device='cuda:0', dtype=torch.float64)"
4,train,4.70698171887207,0.0002776645544124767,2.56896465083313,"tensor(99.9963, device='cuda:0', dtype=torch.float64)"
4,val,3.992158251953125,0.0002025467313826084,2.4325483947753908,"tensor(99.8400, device='cuda:0', dtype=torch.float64)"
5,train,4.395489271545411,0.00025821214813925327,2.4072557311706544,"tensor(99.9979, device='cuda:0', dtype=torch.float64)"
5,val,3.7963047790527344,0.00019929091427475215,2.2617647262573244,"tensor(99.8400, device='cuda:0', dtype=torch.float64)"
6,train,4.149869968597412,0.00024134963244572282,2.2914777975616456,"tensor(99.9994, device='cuda:0', dtype=torch.float64)"
6,val,3.6721602325439453,0.00019576760306954383,2.1647496719360353,"tensor(99.8400, device='cuda:0', dtype=torch.float64)"
7,train,3.972959108413696,0.00023028120610304176,2.199793822380066,"tensor(99.9998, device='cuda:0', dtype=torch.float64)"
7,val,3.5335382354736327,0.00018756746370345354,2.0892687576293945,"tensor(99.8400, device='cuda:0', dtype=torch.float64)"
8,train,3.8419038818359375,0.00022289361940138041,2.1256230134811402,"tensor(99.9992, device='cuda:0', dtype=torch.float64)"
8,val,3.4357171813964844,0.00018274739906191825,2.028562213134766,"tensor(99.8400, device='cuda:0', dtype=torch.float64)"
9,train,3.756228550720215,0.0002193021586155519,2.0676019297637938,"tensor(99.9983, device='cuda:0', dtype=torch.float64)"
9,val,3.3345896484375,0.00018084725569933653,1.9420657684326172,"tensor(99.8400, device='cuda:0', dtype=torch.float64)"
10,train,3.663033872314453,0.00021388191769551487,2.0161431065063478,"tensor(99.9993, device='cuda:0', dtype=torch.float64)"
10,val,3.243832437133789,0.00017771119140088559,1.8754562561035155,"tensor(99.8400, device='cuda:0', dtype=torch.float64)"
11,train,3.59871139553833,0.000211472772535868,1.9703710476150513,"tensor(99.9988, device='cuda:0', dtype=torch.float64)"
11,val,3.2093348846435545,0.0001775730786845088,1.8420221786499023,"tensor(99.8400, device='cuda:0', dtype=torch.float64)"
12,train,3.5318136503601076,0.0002079329700442031,1.930729780960083,"tensor(99.9992, device='cuda:0', dtype=torch.float64)"
12,val,3.13265641784668,0.00017300457507371902,1.8005211746215821,"tensor(99.8400, device='cuda:0', dtype=torch.float64)"
13,train,3.4768290334625243,0.00020529173092544077,1.8960827048721314,"tensor(99.9992, device='cuda:0', dtype=torch.float64)"
13,val,3.140576806640625,0.0001784035885706544,1.7668691757202148,"tensor(99.8400, device='cuda:0', dtype=torch.float64)"
14,train,3.420237489852905,0.0002023099375795573,1.8624509705581664,"tensor(99.9994, device='cuda:0', dtype=torch.float64)"
14,val,3.0988082458496096,0.00017670482341200112,1.7381810989379882,"tensor(99.8400, device='cuda:0', dtype=torch.float64)"
15,train,3.373746467453003,0.0001995957103203982,1.8368594982070923,"tensor(100., device='cuda:0', dtype=torch.float64)"
15,val,3.057770037841797,0.0001758145421743393,1.7039980682373046,"tensor(99.8400, device='cuda:0', dtype=torch.float64)"
16,train,3.3391244345092774,0.00019827933633606882,1.8123735439300537,"tensor(99.9998, device='cuda:0', dtype=torch.float64)"
16,val,3.0186372436523436,0.00017423555068671703,1.6770235092163086,"tensor(99.8400, device='cuda:0', dtype=torch.float64)"
17,train,3.312902166366577,0.00019804711983259767,1.7879393429489137,"tensor(99.9989, device='cuda:0', dtype=torch.float64)"
17,val,2.9492605712890625,0.00017111531496047974,1.6316726486206055,"tensor(99.8400, device='cuda:0', dtype=torch.float64)"
18,train,3.2734353070373534,0.00019570365960523486,1.766517128440857,"tensor(99.9995, device='cuda:0', dtype=torch.float64)"
18,val,2.912222393798828,0.00016754978634417057,1.6220890380859374,"tensor(99.8400, device='cuda:0', dtype=torch.float64)"
19,train,3.2464853129119873,0.00019486928146332503,1.745991844795227,"tensor(99.9994, device='cuda:0', dtype=torch.float64)"
19,val,2.9347435791015624,0.0001722408188506961,1.6084892578125,"tensor(99.8400, device='cuda:0', dtype=torch.float64)"
20,train,3.217480625930786,0.00019317298306617886,1.730048655395508,"tensor(99.9999, device='cuda:0', dtype=torch.float64)"
20,val,2.928908108520508,0.00017265559174120426,1.5994600311279297,"tensor(99.8400, device='cuda:0', dtype=torch.float64)"
21,train,3.1952053822021482,0.00019244631023705006,1.7133687938995361,"tensor(99.9994, device='cuda:0', dtype=torch.float64)"
21,val,2.9036668975830078,0.00017248618621379136,1.5755232833862305,"tensor(99.8400, device='cuda:0', dtype=torch.float64)"
22,train,3.1677469378814695,0.00019105714640580118,1.6966069107437134,"tensor(99.9999, device='cuda:0', dtype=torch.float64)"
22,val,2.899228109741211,0.000169959513284266,1.5905398651123046,"tensor(99.8400, device='cuda:0', dtype=torch.float64)"
23,train,3.142552684814453,0.0001896946530872956,1.681903856010437,"tensor(100., device='cuda:0', dtype=torch.float64)"
23,val,2.8088824340820313,0.00016591835524886847,1.5313111114501954,"tensor(99.8400, device='cuda:0', dtype=torch.float64)"
24,train,3.1202959383544924,0.00018867487903218716,1.6674993695907592,"tensor(100., device='cuda:0', dtype=torch.float64)"
24,val,2.8068186737060548,0.0001681349903345108,1.5121792694091798,"tensor(99.8400, device='cuda:0', dtype=torch.float64)"
25,train,3.105664245315552,0.00018851768367923795,1.6540780815582274,"tensor(100., device='cuda:0', dtype=torch.float64)"
25,val,2.8676488098144532,0.00017887484580278397,1.490312516784668,"tensor(99.8400, device='cuda:0', dtype=torch.float64)"
26,train,3.0853106251678466,0.00018746944464091212,1.6417959009475709,"tensor(99.9999, device='cuda:0', dtype=torch.float64)"
26,val,2.803946969604492,0.00016918403934687375,1.501229884338379,"tensor(99.8400, device='cuda:0', dtype=torch.float64)"
27,train,3.070965953918457,0.00018700017736572773,1.6310645871200562,"tensor(99.9997, device='cuda:0', dtype=torch.float64)"
27,val,2.7797946197509766,0.00016955311335623265,1.4742356475830078,"tensor(99.8400, device='cuda:0', dtype=torch.float64)"
28,train,3.054645031829834,0.00018650982629321515,1.6185193692169189,"tensor(99.9997, device='cuda:0', dtype=torch.float64)"
28,val,2.7329952392578125,0.00016424757493659853,1.4682889022827148,"tensor(99.8400, device='cuda:0', dtype=torch.float64)"
29,train,3.036217006286621,0.00018531891064718365,1.6092613950424195,"tensor(100., device='cuda:0', dtype=torch.float64)"
29,val,2.696326364135742,0.0001641070472076535,1.4327021133422853,"tensor(99.8400, device='cuda:0', dtype=torch.float64)"
30,train,3.0247833199615477,0.0001852353297797963,1.5984712823104859,"tensor(99.9998, device='cuda:0', dtype=torch.float64)"
30,val,2.6981630279541013,0.0001642072322778404,1.4337673355102538,"tensor(99.8400, device='cuda:0', dtype=torch.float64)"
31,train,3.0082445962524416,0.00018420362290833144,1.5898766991119384,"tensor(99.9997, device='cuda:0', dtype=torch.float64)"
31,val,2.677700955200195,0.00016235387083142995,1.4275761566162108,"tensor(99.8400, device='cuda:0', dtype=torch.float64)"
32,train,2.995751836669922,0.000183562202389352,1.5823228776168823,"tensor(99.9999, device='cuda:0', dtype=torch.float64)"
32,val,2.696840252685547,0.00016511019943282008,1.425491731262207,"tensor(99.8400, device='cuda:0', dtype=torch.float64)"
33,train,2.9807382429809572,0.00018284011098975315,1.57286938822937,"tensor(100., device='cuda:0', dtype=torch.float64)"
33,val,2.68401416015625,0.0001673562277108431,1.395371208190918,"tensor(99.8400, device='cuda:0', dtype=torch.float64)"
34,train,2.9776917689971922,0.00018335563428280874,1.5658533846740723,"tensor(99.9992, device='cuda:0', dtype=torch.float64)"
34,val,2.6802956481933595,0.00016703497488051652,1.3941263214111328,"tensor(99.8400, device='cuda:0', dtype=torch.float64)"
35,train,2.9619275595245362,0.00018232502394542098,1.55802487474823,"tensor(100., device='cuda:0', dtype=torch.float64)"
35,val,2.7399195037841797,0.00017061030883342028,1.4262201232910157,"tensor(99.8400, device='cuda:0', dtype=torch.float64)"
36,train,2.947987242645264,0.00018164672001823784,1.54930749848938,"tensor(100., device='cuda:0', dtype=torch.float64)"
36,val,2.6752357666015625,0.00016523385569453238,1.4029350616455079,"tensor(99.8400, device='cuda:0', dtype=torch.float64)"
37,train,2.9398852576446535,0.0001812666594563052,1.5441319806060791,"tensor(100., device='cuda:0', dtype=torch.float64)"
37,val,2.6745293029785158,0.00016755973119288682,1.3843193725585938,"tensor(99.8400, device='cuda:0', dtype=torch.float64)"
38,train,2.9260569354248047,0.00018052295020082966,1.5360302189331054,"tensor(100., device='cuda:0', dtype=torch.float64)"
38,val,2.6458446838378906,0.00016452197320759296,1.3790254821777344,"tensor(99.8400, device='cuda:0', dtype=torch.float64)"
39,train,2.9182665962371828,0.00018048095961567014,1.5285632070236206,"tensor(99.9998, device='cuda:0', dtype=torch.float64)"
39,val,2.6007551177978514,0.00016195234525948762,1.3537220504760743,"tensor(99.8400, device='cuda:0', dtype=torch.float64)"
40,train,2.9105950371398928,0.00018004963344428688,1.5242128584289552,"tensor(100., device='cuda:0', dtype=torch.float64)"
40,val,2.5901185974121095,0.00016137386159971356,1.3475398712158204,"tensor(99.8400, device='cuda:0', dtype=torch.float64)"
41,train,2.9018924861297606,0.0001800215309029445,1.5157266987228393,"tensor(100., device='cuda:0', dtype=torch.float64)"
41,val,2.571817486572266,0.0001612296517007053,1.330349171447754,"tensor(99.8400, device='cuda:0', dtype=torch.float64)"
42,train,2.892325285949707,0.0001793414184357971,1.5113963646316528,"tensor(100., device='cuda:0', dtype=torch.float64)"
42,val,2.5901998016357424,0.0001620570981875062,1.3423601440429687,"tensor(99.8400, device='cuda:0', dtype=torch.float64)"
43,train,2.883909953918457,0.00017913358775991948,1.504581327949524,"tensor(99.9999, device='cuda:0', dtype=torch.float64)"
43,val,2.627293844604492,0.00016782701862975955,1.3350258102416992,"tensor(99.8400, device='cuda:0', dtype=torch.float64)"
44,train,2.8761726608581544,0.0001786879469086416,1.5002754710235595,"tensor(100., device='cuda:0', dtype=torch.float64)"
44,val,2.6018025634765625,0.00016169952526688574,1.3567162216186524,"tensor(99.8400, device='cuda:0', dtype=torch.float64)"
45,train,2.871505617980957,0.00017861751524358987,1.4961507498397828,"tensor(100., device='cuda:0', dtype=torch.float64)"
45,val,2.6122151916503906,0.0001624723570421338,1.3611780502319335,"tensor(99.8400, device='cuda:0', dtype=torch.float64)"
46,train,2.862400772491455,0.0001782045972775668,1.4902253736648559,"tensor(100., device='cuda:0', dtype=torch.float64)"
46,val,2.5759739959716796,0.00016280731540173292,1.3223576538085937,"tensor(99.8400, device='cuda:0', dtype=torch.float64)"
47,train,2.861725702850342,0.00017849839295912533,1.4872880767288208,"tensor(99.9997, device='cuda:0', dtype=torch.float64)"
47,val,2.5554740234375,0.000163856634311378,1.2937779571533203,"tensor(99.8400, device='cuda:0', dtype=torch.float64)"
48,train,2.8480328576965332,0.0001775984662603587,1.4805246672592163,"tensor(99.9999, device='cuda:0', dtype=torch.float64)"
48,val,2.530983609008789,0.00016216065166518092,1.2823465896606445,"tensor(99.8400, device='cuda:0', dtype=torch.float64)"
49,train,2.8410222091522215,0.00017724383605271577,1.4762446706848145,"tensor(100., device='cuda:0', dtype=torch.float64)"
49,val,2.5997803619384765,0.00016125340517610313,1.358129150390625,"tensor(99.8400, device='cuda:0', dtype=torch.float64)"
50,train,2.834827587402344,0.00017715445934096352,1.4707382500534059,"tensor(100., device='cuda:0', dtype=torch.float64)"
50,val,2.504973620605469,0.00015830104947090148,1.2860555404663085,"tensor(99.8400, device='cuda:0', dtype=torch.float64)"
51,train,2.82767136177063,0.00017664937711134554,1.4674711584854125,"tensor(100., device='cuda:0', dtype=torch.float64)"
51,val,2.5391580169677734,0.0001645371382124722,1.2722220565795899,"tensor(99.8400, device='cuda:0', dtype=torch.float64)"
52,train,2.8274665816345217,0.000177003146098461,1.464542357093811,"tensor(100., device='cuda:0', dtype=torch.float64)"
52,val,2.5057863708496093,0.00015950700026005506,1.2775824615478515,"tensor(99.8400, device='cuda:0', dtype=torch.float64)"
53,train,2.8231629577941892,0.000176917786821723,1.4608959994430541,"tensor(99.9998, device='cuda:0', dtype=torch.float64)"
53,val,2.465821060180664,0.00015715436153113842,1.2557324798583984,"tensor(99.8400, device='cuda:0', dtype=torch.float64)"
54,train,2.8126290658721924,0.00017608955812687055,1.456739468482971,"tensor(100., device='cuda:0', dtype=torch.float64)"
54,val,2.517814617919922,0.00016153451185673475,1.2739988830566407,"tensor(99.8400, device='cuda:0', dtype=torch.float64)"
55,train,2.81147327973938,0.0001764000331647694,1.4531930235366821,"tensor(99.9997, device='cuda:0', dtype=torch.float64)"
55,val,2.503634100341797,0.00015953638553619384,1.2752039123535157,"tensor(99.8400, device='cuda:0', dtype=torch.float64)"
56,train,2.803055255493164,0.00017577243706025182,1.4496074900054932,"tensor(100., device='cuda:0', dtype=torch.float64)"
56,val,2.5468620361328127,0.0001639509784989059,1.2844394958496095,"tensor(99.8400, device='cuda:0', dtype=torch.float64)"
57,train,2.7963138600158692,0.00017548823102656752,1.4450544801368714,"tensor(100., device='cuda:0', dtype=torch.float64)"
57,val,2.4804316711425782,0.0001605744925327599,1.2440081001281738,"tensor(99.8400, device='cuda:0', dtype=torch.float64)"
58,train,2.7956115445251464,0.0001757618966260925,1.442244940361023,"tensor(100., device='cuda:0', dtype=torch.float64)"
58,val,2.495364340209961,0.00016134784277528524,1.252985954284668,"tensor(99.8400, device='cuda:0', dtype=torch.float64)"
59,train,2.789085723236084,0.0001751144231981598,1.4407046643753052,"tensor(100., device='cuda:0', dtype=torch.float64)"
59,val,2.457084359741211,0.00015889643551781772,1.2335818084716796,"tensor(99.8400, device='cuda:0', dtype=torch.float64)"
60,train,2.780571515472412,0.00017469174284907057,1.435445094581604,"tensor(100., device='cuda:0', dtype=torch.float64)"
60,val,2.4585885620117187,0.00015943404585123063,1.2309464080810546,"tensor(99.8400, device='cuda:0', dtype=torch.float64)"
61,train,2.777871999130249,0.00017472803558362648,1.4324661254119873,"tensor(100., device='cuda:0', dtype=torch.float64)"
61,val,2.5170063262939455,0.00016105515360832214,1.2768816482543945,"tensor(99.8400, device='cuda:0', dtype=torch.float64)"
62,train,2.7738699898376464,0.0001747347204615362,1.4284126422080994,"tensor(100., device='cuda:0', dtype=torch.float64)"
62,val,2.4735852966308594,0.00016068328339606525,1.236324006652832,"tensor(99.8400, device='cuda:0', dtype=torch.float64)"
63,train,2.7678527391662597,0.0001742665371238254,1.4260004037780762,"tensor(100., device='cuda:0', dtype=torch.float64)"
63,val,2.5056184173583986,0.00016313416128978134,1.249485366821289,"tensor(99.8400, device='cuda:0', dtype=torch.float64)"
64,train,2.764957197494507,0.00017444243141822517,1.4217504755592347,"tensor(100., device='cuda:0', dtype=torch.float64)"
64,val,2.4679324005126952,0.00016131622307002545,1.2257974716186524,"tensor(99.8400, device='cuda:0', dtype=torch.float64)"
65,train,2.7629925706329344,0.00017444696654053405,1.4197509280014038,"tensor(99.9999, device='cuda:0', dtype=torch.float64)"
65,val,2.4466458374023436,0.0001601561527699232,1.213443455505371,"tensor(99.8400, device='cuda:0', dtype=torch.float64)"
66,train,2.7568409527282713,0.00017392370794620365,1.4176284006996154,"tensor(100., device='cuda:0', dtype=torch.float64)"
66,val,2.4900878356933593,0.00016048755012452602,1.2543336898803712,"tensor(99.8400, device='cuda:0', dtype=torch.float64)"
67,train,2.753051596191406,0.0001736941332272254,1.4156067712135314,"tensor(100., device='cuda:0', dtype=torch.float64)"
67,val,2.4618570709228518,0.00016101427441462876,1.2220471725463866,"tensor(99.8400, device='cuda:0', dtype=torch.float64)"
68,train,2.749239724105835,0.00017332623861590401,1.414627686504364,"tensor(100., device='cuda:0', dtype=torch.float64)"
68,val,2.4661396392822263,0.00016106121223419904,1.2259682945251464,"tensor(99.8400, device='cuda:0', dtype=torch.float64)"
69,train,2.745803023529053,0.00017349019356397913,1.4099285323410033,"tensor(100., device='cuda:0', dtype=torch.float64)"
69,val,2.4658230194091795,0.00016094603966921567,1.2265385116577148,"tensor(99.8400, device='cuda:0', dtype=torch.float64)"
70,train,2.7405630774993894,0.00017321338736638427,1.406819996131897,"tensor(100., device='cuda:0', dtype=torch.float64)"
70,val,2.4586067901611326,0.00015742794778198004,1.2464115982055664,"tensor(99.8400, device='cuda:0', dtype=torch.float64)"
71,train,2.7369551471710203,0.00017301603170018643,1.4047317030067443,"tensor(100., device='cuda:0', dtype=torch.float64)"
71,val,2.455065866088867,0.0001625194489955902,1.203666123199463,"tensor(99.8400, device='cuda:0', dtype=torch.float64)"
72,train,2.736160644088745,0.0001731039850106463,1.40325996018219,"tensor(100., device='cuda:0', dtype=torch.float64)"
72,val,2.421204165649414,0.00015705027878284454,1.2119170295715331,"tensor(99.8400, device='cuda:0', dtype=torch.float64)"
73,train,2.731080298095703,0.0001729928111624904,1.3990356531066894,"tensor(100., device='cuda:0', dtype=torch.float64)"
73,val,2.4595219818115233,0.00016031132582575082,1.2251247772216798,"tensor(99.8400, device='cuda:0', dtype=torch.float64)"
74,train,2.7249739902801515,0.00017254265938606114,1.3963955129089356,"tensor(100., device='cuda:0', dtype=torch.float64)"
74,val,2.4034876251220703,0.00015653823530301452,1.19814321975708,"tensor(99.8400, device='cuda:0', dtype=torch.float64)"
75,train,2.7258635139312744,0.00017263011349644513,1.3966116392440795,"tensor(100., device='cuda:0', dtype=torch.float64)"
75,val,2.557072085571289,0.00016056529870256783,1.3207192901611329,"tensor(99.8400, device='cuda:0', dtype=torch.float64)"
76,train,2.718459984390259,0.00017230339829297736,1.3917238164176942,"tensor(100., device='cuda:0', dtype=torch.float64)"
76,val,2.4008927368164064,0.00015674004871398211,1.1939943710327148,"tensor(99.8400, device='cuda:0', dtype=torch.float64)"
77,train,2.7194920701293945,0.00017228932609595357,1.392864258491516,"tensor(100., device='cuda:0', dtype=torch.float64)"
77,val,2.3920117584228517,0.00015647009033709764,1.1871920684814452,"tensor(99.8400, device='cuda:0', dtype=torch.float64)"
78,train,2.7149921377716066,0.00017221610379079358,1.388928138771057,"tensor(100., device='cuda:0', dtype=torch.float64)"
78,val,2.4533351806640624,0.00015997080551460386,1.2215599716186523,"tensor(99.8400, device='cuda:0', dtype=torch.float64)"
79,train,2.7134547104263307,0.00017219812699267642,1.3875291323776244,"tensor(100., device='cuda:0', dtype=torch.float64)"
79,val,2.437013017272949,0.00015957715008407832,1.2082689743041992,"tensor(99.8400, device='cuda:0', dtype=torch.float64)"
80,train,2.7084490754394532,0.00017199918506247922,1.3840553507995605,"tensor(100., device='cuda:0', dtype=torch.float64)"
80,val,2.3726168487548827,0.00015518739540129899,1.1776739051818848,"tensor(99.8400, device='cuda:0', dtype=torch.float64)"
81,train,2.7105775495376587,0.00017230618520267308,1.3838199236106872,"tensor(100., device='cuda:0', dtype=torch.float64)"
81,val,2.4300489822387696,0.00015978179909288884,1.1997291366577147,"tensor(99.8400, device='cuda:0', dtype=torch.float64)"
82,train,2.7042031845550536,0.0001717392295198515,1.381811115989685,"tensor(100., device='cuda:0', dtype=torch.float64)"
82,val,2.427762141418457,0.00015882010888308286,1.204847299194336,"tensor(99.8400, device='cuda:0', dtype=torch.float64)"
83,train,2.7047346458892823,0.00017197769839968533,1.3805063673362732,"tensor(100., device='cuda:0', dtype=torch.float64)"
83,val,2.3858879165649416,0.00015835309848189353,1.1665690620422364,"tensor(99.8400, device='cuda:0', dtype=torch.float64)"
84,train,2.69903583820343,0.00017151939965598286,1.378336461139679,"tensor(100., device='cuda:0', dtype=torch.float64)"
84,val,2.4172184814453126,0.00016236317101866007,1.1670220817565917,"tensor(99.8400, device='cuda:0', dtype=torch.float64)"
85,train,2.698432631591797,0.0001714950083522126,1.377921068222046,"tensor(100., device='cuda:0', dtype=torch.float64)"
85,val,2.4204115509033204,0.00016184582822024822,1.1741986877441406,"tensor(99.8400, device='cuda:0', dtype=torch.float64)"
86,train,2.6909441594085695,0.0001710325678596273,1.3739933867645264,"tensor(100., device='cuda:0', dtype=torch.float64)"
86,val,2.4073690841674806,0.00016147934775799513,1.1639781127929687,"tensor(99.8400, device='cuda:0', dtype=torch.float64)"
87,train,2.6910400765075684,0.00017114750217739493,1.3732043092460633,"tensor(100., device='cuda:0', dtype=torch.float64)"
87,val,2.429296466064453,0.0001620821112766862,1.181264208984375,"tensor(99.8400, device='cuda:0', dtype=torch.float64)"
88,train,2.686258242767334,0.00017093588145961986,1.3700519550094605,"tensor(100., device='cuda:0', dtype=torch.float64)"
88,val,2.414254312133789,0.00016113663101568817,1.173502252960205,"tensor(99.8400, device='cuda:0', dtype=torch.float64)"
89,train,2.612938250190735,0.00016978471623454243,1.3055959347076416,"tensor(100., device='cuda:0', dtype=torch.float64)"
89,val,2.3311517852783203,0.00015884173922240733,1.1080704025268555,"tensor(99.8400, device='cuda:0', dtype=torch.float64)"
90,train,2.6049441087875365,0.0001693691143603064,1.3008019277420044,"tensor(100., device='cuda:0', dtype=torch.float64)"
90,val,2.3073862548828123,0.00015854558674618601,1.0865852340698243,"tensor(99.8400, device='cuda:0', dtype=torch.float64)"
91,train,2.6039666377182007,0.00016941039620013907,1.2995065863304138,"tensor(100., device='cuda:0', dtype=torch.float64)"
91,val,2.3539693267822264,0.00016146051920950413,1.1107233322143555,"tensor(99.8400, device='cuda:0', dtype=torch.float64)"
92,train,2.6036669571609496,0.00016948746019927784,1.2986135141601562,"tensor(100., device='cuda:0', dtype=torch.float64)"
92,val,2.336449401855469,0.0001611827223561704,1.095342430114746,"tensor(99.8400, device='cuda:0', dtype=torch.float64)"
93,train,2.6031176070480346,0.00016955817309673876,1.2975196738586425,"tensor(100., device='cuda:0', dtype=torch.float64)"
93,val,2.303468362426758,0.00015730143897235393,1.0922472923278808,"tensor(99.8400, device='cuda:0', dtype=torch.float64)"
94,train,2.6026432959747314,0.00016953249284112825,1.297243101623535,"tensor(100., device='cuda:0', dtype=torch.float64)"
94,val,2.341496949768066,0.00016155380317941308,1.0975326805114747,"tensor(99.8400, device='cuda:0', dtype=torch.float64)"
95,train,2.5981742435302735,0.00016957446930697186,1.2924508298454285,"tensor(100., device='cuda:0', dtype=torch.float64)"
95,val,2.3251977783203124,0.0001603098837658763,1.0908116638183594,"tensor(99.8400, device='cuda:0', dtype=torch.float64)"
96,train,2.599279137306213,0.00016941725591244176,1.2947662669525146,"tensor(100., device='cuda:0', dtype=torch.float64)"
96,val,2.2966360427856447,0.00015998758422210813,1.0647316436767578,"tensor(99.8400, device='cuda:0', dtype=torch.float64)"
97,train,2.5974997662887573,0.00016951846147980542,1.2922076129226685,"tensor(100., device='cuda:0', dtype=torch.float64)"
97,val,2.2888970123291017,0.0001558749212883413,1.088660121154785,"tensor(99.8400, device='cuda:0', dtype=torch.float64)"
98,train,2.5961483372039793,0.0001692917249854654,1.2926020556259155,"tensor(100., device='cuda:0', dtype=torch.float64)"
98,val,2.2829009658813475,0.0001551857601851225,1.08797060546875,"tensor(99.8400, device='cuda:0', dtype=torch.float64)"
99,train,2.5924513443603514,0.00016914320289017633,1.290048680896759,"tensor(100., device='cuda:0', dtype=torch.float64)"
99,val,2.2820094116210936,0.00015602952735498547,1.0805820434570312,"tensor(99.8400, device='cuda:0', dtype=torch.float64)"
100,train,2.593200054168701,0.00016916975266067312,1.2905929586982727,"tensor(100., device='cuda:0', dtype=torch.float64)"
100,val,2.3206891830444336,0.00016089676935225725,1.0817840721130372,"tensor(99.8400, device='cuda:0', dtype=torch.float64)"
101,train,2.591622625946045,0.00016913385901460424,1.2892919114151,"tensor(100., device='cuda:0', dtype=torch.float64)"
101,val,2.299996649169922,0.00015899283923208714,1.075751792907715,"tensor(99.8400, device='cuda:0', dtype=torch.float64)"
102,train,2.5917060353317263,0.00016911820223322138,1.289495878742218,"tensor(100., device='cuda:0', dtype=torch.float64)"
102,val,2.286599577331543,0.0001574357614852488,1.0743441993713378,"tensor(99.8400, device='cuda:0', dtype=torch.float64)"
103,train,2.5906588838424685,0.00016914763237163425,1.2882221152305604,"tensor(100., device='cuda:0', dtype=torch.float64)"
103,val,2.3059144775390625,0.00015817758329212666,1.0879470893859864,"tensor(99.8400, device='cuda:0', dtype=torch.float64)"
104,train,2.588787941497803,0.00016909506785357372,1.2867559178695678,"tensor(100., device='cuda:0', dtype=torch.float64)"
104,val,2.2850192001342773,0.00015790787003934384,1.0691285972595215,"tensor(99.8400, device='cuda:0', dtype=torch.float64)"
105,train,2.588530730682373,0.00016914939216524361,1.2860804109382629,"tensor(100., device='cuda:0', dtype=torch.float64)"
105,val,2.2876391708374024,0.00015667164605110884,1.081267495727539,"tensor(99.8400, device='cuda:0', dtype=torch.float64)"
106,train,2.5839030443878173,0.00016888345965277403,1.2835004038581848,"tensor(100., device='cuda:0', dtype=torch.float64)"
106,val,2.246219482421875,0.00015424395389854908,1.0585410469055176,"tensor(99.8400, device='cuda:0', dtype=torch.float64)"
107,train,2.5839027071151732,0.00016878603990143164,1.2842502000808715,"tensor(100., device='cuda:0', dtype=torch.float64)"
107,val,2.2911814483642576,0.00015479341354221105,1.0992721717834473,"tensor(99.8400, device='cuda:0', dtype=torch.float64)"
108,train,2.581873948356628,0.0001686946008503437,1.2829255218963622,"tensor(100., device='cuda:0', dtype=torch.float64)"
108,val,2.248726708984375,0.00015433707237243652,1.0603312492370605,"tensor(99.8400, device='cuda:0', dtype=torch.float64)"
109,train,2.581096819152832,0.00016878977699019015,1.2814155363235473,"tensor(100., device='cuda:0', dtype=torch.float64)"
109,val,2.309038946533203,0.0001618082631379366,1.0631153343200683,"tensor(99.8400, device='cuda:0', dtype=torch.float64)"
110,train,2.583579045967102,0.0001689606116237119,1.2825823358573913,"tensor(100., device='cuda:0', dtype=torch.float64)"
110,val,2.256186390686035,0.00015412875525653362,1.0693949752807617,"tensor(99.8400, device='cuda:0', dtype=torch.float64)"
111,train,2.5784912756576537,0.00016859314290620386,1.2803240737915038,"tensor(100., device='cuda:0', dtype=torch.float64)"
111,val,2.2806270751953126,0.00015547788050025702,1.0834474021911622,"tensor(99.8400, device='cuda:0', dtype=torch.float64)"
112,train,2.5786153612670897,0.0001686345690507442,1.280129179359436,"tensor(100., device='cuda:0', dtype=torch.float64)"
112,val,2.2728996215820314,0.00015682653728872538,1.0653352783203125,"tensor(99.8400, device='cuda:0', dtype=torch.float64)"
113,train,2.5779476636276244,0.0001687777711530216,1.2783588270301818,"tensor(100., device='cuda:0', dtype=torch.float64)"
113,val,2.2674096420288086,0.0001566810836084187,1.0609652938842773,"tensor(99.8400, device='cuda:0', dtype=torch.float64)"
114,train,2.5768211101226806,0.00016870784395420923,1.2777707106704712,"tensor(100., device='cuda:0', dtype=torch.float64)"
114,val,2.3059573471069337,0.00015795187884941697,1.0897278785705566,"tensor(99.8400, device='cuda:0', dtype=torch.float64)"
115,train,2.5498396160583496,0.00016827351604355498,1.2541335424728393,"tensor(100., device='cuda:0', dtype=torch.float64)"
115,val,2.2684405593872072,0.00015985265159979462,1.0375751625061036,"tensor(99.8400, device='cuda:0', dtype=torch.float64)"
116,train,2.548666964553833,0.00016815658799279482,1.2538612372283935,"tensor(100., device='cuda:0', dtype=torch.float64)"
116,val,2.2657533294677736,0.00015865376172587275,1.0441193611145019,"tensor(99.8400, device='cuda:0', dtype=torch.float64)"
117,train,2.550033885978699,0.00016828331860387698,1.254252333267212,"tensor(100., device='cuda:0', dtype=torch.float64)"
117,val,2.265212742614746,0.00015719878058880567,1.0547821380615234,"tensor(99.8400, device='cuda:0', dtype=torch.float64)"
118,train,2.547868636062622,0.00016823439969262108,1.252463757862091,"tensor(100., device='cuda:0', dtype=torch.float64)"
118,val,2.219055712890625,0.00015505930315703155,1.025099063873291,"tensor(99.8400, device='cuda:0', dtype=torch.float64)"
119,train,2.545905661895752,0.00016811690340563654,1.2514055041427612,"tensor(100., device='cuda:0', dtype=torch.float64)"
119,val,2.264816078186035,0.00015795743921771644,1.0485438163757324,"tensor(99.8400, device='cuda:0', dtype=torch.float64)"
120,train,2.5453426986465453,0.00016792351063946262,1.2523316666793822,"tensor(100., device='cuda:0', dtype=torch.float64)"
120,val,2.255243948364258,0.00015695789828896523,1.0466681350708007,"tensor(99.8400, device='cuda:0', dtype=torch.float64)"
121,train,2.5441921897506714,0.00016799266082094983,1.2506487015304566,"tensor(100., device='cuda:0', dtype=torch.float64)"
121,val,2.2752784057617186,0.00015887711104005576,1.051924659729004,"tensor(99.8400, device='cuda:0', dtype=torch.float64)"
122,train,2.543411190093994,0.00016803761652391404,1.2495215426826478,"tensor(100., device='cuda:0', dtype=torch.float64)"
122,val,2.250803190612793,0.00015654923599213363,1.045374080657959,"tensor(99.8400, device='cuda:0', dtype=torch.float64)"
123,train,2.5451817380905153,0.00016818995596189052,1.2501190769996644,"tensor(100., device='cuda:0', dtype=torch.float64)"
123,val,2.2553830596923827,0.00015469515491276978,1.0642303573608398,"tensor(99.8400, device='cuda:0', dtype=torch.float64)"
124,train,2.5451140027770998,0.00016821009417716413,1.2498962784423828,"tensor(100., device='cuda:0', dtype=torch.float64)"
124,val,2.2622146926879885,0.00015933477384969593,1.0353369354248048,"tensor(99.8400, device='cuda:0', dtype=torch.float64)"
125,train,2.542125324447632,0.00016816100969677792,1.247285550086975,"tensor(100., device='cuda:0', dtype=torch.float64)"
125,val,2.2544373626708984,0.00015739794932305814,1.0424731620788574,"tensor(99.8400, device='cuda:0', dtype=torch.float64)"
126,train,2.544070172584534,0.000168237767605111,1.2486393622817993,"tensor(100., device='cuda:0', dtype=torch.float64)"
126,val,2.2943475997924803,0.00016110998904332518,1.0538006729125977,"tensor(99.8400, device='cuda:0', dtype=torch.float64)"
127,train,2.5350893112640382,0.00016794915314624086,1.2418808319549561,"tensor(100., device='cuda:0', dtype=torch.float64)"
127,val,2.266786082458496,0.00016122619137167932,1.025344411468506,"tensor(99.8400, device='cuda:0', dtype=torch.float64)"
128,train,2.5326310840988158,0.0001679089968027547,1.2397318088607787,"tensor(100., device='cuda:0', dtype=torch.float64)"
128,val,2.2489950592041015,0.00015759144034236669,1.0355409675598144,"tensor(99.8400, device='cuda:0', dtype=torch.float64)"
129,train,2.5311042221832274,0.0001676279478445649,1.240369023010254,"tensor(100., device='cuda:0', dtype=torch.float64)"
129,val,2.228356103515625,0.00015530570344999433,1.0325021842956543,"tensor(99.8400, device='cuda:0', dtype=torch.float64)"
130,train,2.5313681006774904,0.0001675832116017118,1.2409773708953857,"tensor(100., device='cuda:0', dtype=torch.float64)"
130,val,2.2512729614257814,0.00015576599519699812,1.0518748023986817,"tensor(99.8400, device='cuda:0', dtype=torch.float64)"
131,train,2.533682311149597,0.00016800478734774516,1.2400454471244813,"tensor(100., device='cuda:0', dtype=torch.float64)"
131,val,2.2479366333007813,0.000157227773219347,1.0372827835083007,"tensor(99.8400, device='cuda:0', dtype=torch.float64)"
132,train,2.533625490661621,0.00016802838306082413,1.2398069411849975,"tensor(100., device='cuda:0', dtype=torch.float64)"
132,val,2.2388252044677732,0.00015592655669897796,1.038190727996826,"tensor(99.8400, device='cuda:0', dtype=torch.float64)"
133,train,2.534270186973572,0.0001680596714722924,1.2402107187652587,"tensor(100., device='cuda:0', dtype=torch.float64)"
133,val,2.2458040756225586,0.00015675054527819157,1.0388248725891114,"tensor(99.8400, device='cuda:0', dtype=torch.float64)"
134,train,2.531291711479187,0.00016781704236846416,1.2391004853439331,"tensor(100., device='cuda:0', dtype=torch.float64)"
134,val,2.257916276550293,0.0001592922423966229,1.031365991973877,"tensor(99.8400, device='cuda:0', dtype=torch.float64)"
135,train,2.525483103652954,0.00016762639341922478,1.2347598749160766,"tensor(100., device='cuda:0', dtype=torch.float64)"
135,val,2.217403269958496,0.00015610738294199108,1.0153764190673829,"tensor(99.8400, device='cuda:0', dtype=torch.float64)"
136,train,2.5275161126480103,0.00016775463882414624,1.2358053960609436,"tensor(100., device='cuda:0', dtype=torch.float64)"
136,val,2.252221340942383,0.00015749842673540114,1.0394834381103515,"tensor(99.8400, device='cuda:0', dtype=torch.float64)"
137,train,2.5269791079330446,0.00016772822353290393,1.2354717876739503,"tensor(100., device='cuda:0', dtype=torch.float64)"
137,val,2.2387235397338867,0.00015901668602600694,1.0142950637817383,"tensor(99.8400, device='cuda:0', dtype=torch.float64)"
138,train,2.525750489265442,0.00016740814828127622,1.2367077472763062,"tensor(100., device='cuda:0', dtype=torch.float64)"
138,val,2.222581506347656,0.0001559114158153534,1.0220636138916015,"tensor(99.8400, device='cuda:0', dtype=torch.float64)"
139,train,2.527750841255188,0.00016758060909155756,1.2373801499671937,"tensor(100., device='cuda:0', dtype=torch.float64)"
139,val,2.2323196990966796,0.00015539874266833067,1.0357493789672851,"tensor(99.8400, device='cuda:0', dtype=torch.float64)"
140,train,2.525458526298523,0.00016746749698417262,1.2359587990455627,"tensor(100., device='cuda:0', dtype=torch.float64)"
140,val,2.2379513000488283,0.00015413021985441448,1.0511486099243164,"tensor(99.8400, device='cuda:0', dtype=torch.float64)"
141,train,2.527518263069153,0.00016757364138169213,1.2372012236785888,"tensor(100., device='cuda:0', dtype=torch.float64)"
141,val,2.2366273071289062,0.00015886689554899932,1.0133522033691407,"tensor(99.8400, device='cuda:0', dtype=torch.float64)"
142,train,2.5226433352127073,0.00016749761713016778,1.232911682258606,"tensor(100., device='cuda:0', dtype=torch.float64)"
142,val,2.202663980102539,0.00015312553038820625,1.023597395324707,"tensor(99.8400, device='cuda:0', dtype=torch.float64)"
143,train,2.529326677909851,0.00016793163380958139,1.236253097442627,"tensor(100., device='cuda:0', dtype=torch.float64)"
143,val,2.259456799316406,0.00016053377371281385,1.023346752166748,"tensor(99.8400, device='cuda:0', dtype=torch.float64)"
144,train,2.525661198059082,0.0001675505813760683,1.2355217215309142,"tensor(100., device='cuda:0', dtype=torch.float64)"
144,val,2.2129862228393553,0.0001544305351562798,1.0238711067199706,"tensor(99.8400, device='cuda:0', dtype=torch.float64)"
145,train,2.525731857826233,0.000167646160997916,1.2348564178619386,"tensor(100., device='cuda:0', dtype=torch.float64)"
145,val,2.2463656143188477,0.00015900731217116117,1.022009327697754,"tensor(99.8400, device='cuda:0', dtype=torch.float64)"
146,train,2.524524098175049,0.0001677825066698715,1.2325987970237733,"tensor(100., device='cuda:0', dtype=torch.float64)"
146,val,2.228181010437012,0.0001563871754333377,1.0239997604370117,"tensor(99.8400, device='cuda:0', dtype=torch.float64)"
147,train,2.5258330552062986,0.00016751307776710018,1.2359823567771913,"tensor(100., device='cuda:0', dtype=torch.float64)"
147,val,2.2217943893432617,0.00015862142676487565,1.0004094062805176,"tensor(99.8400, device='cuda:0', dtype=torch.float64)"
148,train,2.524530932876587,0.00016744586951797827,1.2351977380981445,"tensor(100., device='cuda:0', dtype=torch.float64)"
148,val,2.2179122421264648,0.00015314080752432347,1.0387280380249024,"tensor(99.8400, device='cuda:0', dtype=torch.float64)"
149,train,2.5268417272644044,0.00016765734928566963,1.2358801392211913,"tensor(100., device='cuda:0', dtype=torch.float64)"
149,val,2.2315365646362304,0.0001570678365416825,1.0221142395019531,"tensor(99.8400, device='cuda:0', dtype=torch.float64)"
150,train,2.527541558792114,0.00016791872457368298,1.2345673795051575,"tensor(100., device='cuda:0', dtype=torch.float64)"
150,val,2.220978858947754,0.00015508029349148273,1.0268605934143067,"tensor(99.8400, device='cuda:0', dtype=torch.float64)"
151,train,2.5242310165863038,0.00016744202702119947,1.2349274088172912,"tensor(100., device='cuda:0', dtype=torch.float64)"
151,val,2.25605242767334,0.00015967716360464692,1.0265382583618163,"tensor(99.8400, device='cuda:0', dtype=torch.float64)"
152,train,2.521068382774353,0.0001673711466337554,1.2323105543823243,"tensor(100., device='cuda:0', dtype=torch.float64)"
152,val,2.220438314819336,0.00015464201532304286,1.0296948051452637,"tensor(99.8400, device='cuda:0', dtype=torch.float64)"
153,train,2.5227902937927245,0.00016761370259849354,1.232164784072876,"tensor(100., device='cuda:0', dtype=torch.float64)"
153,val,2.2388846588134768,0.0001588279826566577,1.0159091873168946,"tensor(99.8400, device='cuda:0', dtype=torch.float64)"
154,train,2.5224101044311524,0.00016780286234337836,1.230328064113617,"tensor(100., device='cuda:0', dtype=torch.float64)"
154,val,2.254819155883789,0.0001591785573400557,1.029144256591797,"tensor(99.8400, device='cuda:0', dtype=torch.float64)"
155,train,2.5248957885665892,0.00016780908701941372,1.232765819442749,"tensor(99.9999, device='cuda:0', dtype=torch.float64)"
155,val,2.223310055541992,0.0001567704912275076,1.0161772735595702,"tensor(99.8400, device='cuda:0', dtype=torch.float64)"
156,train,2.5231871282424927,0.00016771624703286215,1.2317720278320312,"tensor(100., device='cuda:0', dtype=torch.float64)"
156,val,2.265430209350586,0.00015918488884344696,1.0397065719604492,"tensor(99.8400, device='cuda:0', dtype=torch.float64)"
157,train,2.5251078578033446,0.00016787624622276054,1.2324607614059448,"tensor(100., device='cuda:0', dtype=torch.float64)"
157,val,2.22904591217041,0.000158564099855721,1.0081023460388183,"tensor(99.8400, device='cuda:0', dtype=torch.float64)"
158,train,2.524344013008118,0.00016764525725273416,1.2334755313568115,"tensor(100., device='cuda:0', dtype=torch.float64)"
158,val,2.242445278930664,0.0001576722338795662,1.028369075012207,"tensor(99.8400, device='cuda:0', dtype=torch.float64)"
159,train,2.524352908317566,0.00016763619035901502,1.2335542418899537,"tensor(100., device='cuda:0', dtype=torch.float64)"
159,val,2.2254630218505858,0.00015655910568311812,1.019957911682129,"tensor(99.8400, device='cuda:0', dtype=torch.float64)"
160,train,2.521977610557556,0.00016751663832273333,1.2320994958572389,"tensor(100., device='cuda:0', dtype=torch.float64)"
160,val,2.241509501647949,0.0001561327300965786,1.0392874794006348,"tensor(99.8400, device='cuda:0', dtype=torch.float64)"
161,train,2.5226028220443726,0.0001674575135363266,1.233179968170166,"tensor(100., device='cuda:0', dtype=torch.float64)"
161,val,2.2320967330932615,0.00015661843586713077,1.0261347663879394,"tensor(99.8400, device='cuda:0', dtype=torch.float64)"
162,train,2.5249482041168214,0.0001677846408477053,1.2330064705543518,"tensor(100., device='cuda:0', dtype=torch.float64)"
162,val,2.198730422973633,0.00015316658485680818,1.0193477317810058,"tensor(99.8400, device='cuda:0', dtype=torch.float64)"
163,train,2.526360034553528,0.00016801423947233706,1.2326503906478883,"tensor(100., device='cuda:0', dtype=torch.float64)"
163,val,2.247717985534668,0.00015868571950122714,1.025837939453125,"tensor(99.8400, device='cuda:0', dtype=torch.float64)"
164,train,2.5245535072937013,0.00016753398579219357,1.2345418160743713,"tensor(100., device='cuda:0', dtype=torch.float64)"
164,val,2.1975714096069336,0.00015255091097205877,1.0229294052124023,"tensor(99.8400, device='cuda:0', dtype=torch.float64)"
165,train,2.5243627751922606,0.00016768529021786525,1.233186041873932,"tensor(100., device='cuda:0', dtype=torch.float64)"
165,val,2.2048244415283205,0.00015197838144376873,1.0345909133911133,"tensor(99.8400, device='cuda:0', dtype=torch.float64)"
166,train,2.525762682563782,0.00016798194048693403,1.2323017405662537,"tensor(100., device='cuda:0', dtype=torch.float64)"
166,val,2.2251757919311523,0.00015694872848689555,1.016670581817627,"tensor(99.8400, device='cuda:0', dtype=torch.float64)"
167,train,2.526134166595459,0.000167857615461573,1.23363052709198,"tensor(100., device='cuda:0', dtype=torch.float64)"
167,val,2.229448648071289,0.00015601071938872336,1.028166098022461,"tensor(99.8400, device='cuda:0', dtype=torch.float64)"
168,train,2.5250867149276734,0.00016768950713006778,1.2338775082740783,"tensor(100., device='cuda:0', dtype=torch.float64)"
168,val,2.2144205078125,0.00015559321716427803,1.0163527481079102,"tensor(99.8400, device='cuda:0', dtype=torch.float64)"
169,train,2.5242481398468017,0.00016771483515715227,1.2328439085731506,"tensor(100., device='cuda:0', dtype=torch.float64)"
169,val,2.230843472290039,0.00015677018547430636,1.0237130340576173,"tensor(99.8400, device='cuda:0', dtype=torch.float64)"
170,train,2.5235784125595093,0.00016767406932637096,1.2324880803337097,"tensor(100., device='cuda:0', dtype=torch.float64)"
170,val,2.2051446182250976,0.0001542068563401699,1.0177518287658691,"tensor(99.8400, device='cuda:0', dtype=torch.float64)"
171,train,2.5251582836990356,0.0001678223186931573,1.232926429134369,"tensor(100., device='cuda:0', dtype=torch.float64)"
171,val,2.2356609497070314,0.00015683455681428314,1.0280348709106446,"tensor(99.8400, device='cuda:0', dtype=torch.float64)"
172,train,2.522688116920471,0.00016754270357172935,1.2326092988967896,"tensor(100., device='cuda:0', dtype=torch.float64)"
172,val,2.20943701171875,0.00015400658920407294,1.0235862731933594,"tensor(99.8400, device='cuda:0', dtype=torch.float64)"
173,train,2.525643876701355,0.00016774534532986582,1.234004718082428,"tensor(100., device='cuda:0', dtype=torch.float64)"
173,val,2.2576649703979492,0.00015999070974066854,1.025736499786377,"tensor(99.8400, device='cuda:0', dtype=torch.float64)"
174,train,2.5254593396606446,0.00016752037137094885,1.2355524785728456,"tensor(100., device='cuda:0', dtype=torch.float64)"
174,val,2.2057343673706056,0.0001556710373610258,1.0070673835754393,"tensor(99.8400, device='cuda:0', dtype=torch.float64)"
175,train,2.521117989830017,0.00016761332628782838,1.2304953779945373,"tensor(100., device='cuda:0', dtype=torch.float64)"
175,val,2.1930693420410154,0.00015312972888350488,1.0139704292297362,"tensor(99.8400, device='cuda:0', dtype=torch.float64)"
176,train,2.5256025732040404,0.00016800340323569254,1.2319763672409059,"tensor(100., device='cuda:0', dtype=torch.float64)"
176,val,2.2014782104492188,0.00015411866353824734,1.0147645248413086,"tensor(99.8400, device='cuda:0', dtype=torch.float64)"
177,train,2.5234271797943113,0.00016756846047611906,1.2331500328941345,"tensor(100., device='cuda:0', dtype=torch.float64)"
177,val,2.197213737487793,0.0001517651403322816,1.0286221603393555,"tensor(99.8400, device='cuda:0', dtype=torch.float64)"
178,train,2.52395220426178,0.0001678590416945517,1.231437582561493,"tensor(100., device='cuda:0', dtype=torch.float64)"
178,val,2.2543917221069334,0.00015974384713917972,1.0243640968322754,"tensor(99.8400, device='cuda:0', dtype=torch.float64)"
179,train,2.524291367904663,0.0001675505233979784,1.234152338344574,"tensor(100., device='cuda:0', dtype=torch.float64)"
179,val,2.2386755599975587,0.0001579548134468496,1.0224234924316407,"tensor(99.8400, device='cuda:0', dtype=torch.float64)"
180,train,2.5241912494735717,0.00016770218630181625,1.23288441557312,"tensor(100., device='cuda:0', dtype=torch.float64)"
180,val,2.21276091003418,0.00015332955634221436,1.0321233436584472,"tensor(99.8400, device='cuda:0', dtype=torch.float64)"
181,train,2.520150795455933,0.00016741574079124258,1.2310495915336608,"tensor(100., device='cuda:0', dtype=torch.float64)"
181,val,2.244153012084961,0.0001577104078605771,1.029782894897461,"tensor(99.8400, device='cuda:0', dtype=torch.float64)"
182,train,2.521112353981018,0.00016756201801961288,1.2308848146667482,"tensor(100., device='cuda:0', dtype=torch.float64)"
182,val,2.23457638092041,0.00015753216724842786,1.0215786926269532,"tensor(99.8400, device='cuda:0', dtype=torch.float64)"
183,train,2.5252610250854493,0.00016788628070801498,1.2325366623039247,"tensor(100., device='cuda:0', dtype=torch.float64)"
183,val,2.2515362823486327,0.00015980377644300462,1.0210472129821777,"tensor(99.8400, device='cuda:0', dtype=torch.float64)"
184,train,2.5223194683609007,0.0001674690730837174,1.232807605670929,"tensor(100., device='cuda:0', dtype=torch.float64)"
184,val,2.222198710632324,0.00015586684560403227,1.0220240020751954,"tensor(99.8400, device='cuda:0', dtype=torch.float64)"
185,train,2.5225398189926147,0.00016775506719108672,1.2308258028678893,"tensor(100., device='cuda:0', dtype=torch.float64)"
185,val,2.2228093063354493,0.00015571282552555204,1.0238205558776856,"tensor(99.8400, device='cuda:0', dtype=torch.float64)"
186,train,2.523795192276001,0.0001678669151761569,1.2312199448280334,"tensor(100., device='cuda:0', dtype=torch.float64)"
186,val,2.233064761352539,0.00015904856026172638,1.0083908393859864,"tensor(99.8400, device='cuda:0', dtype=torch.float64)"
187,train,2.52251405355072,0.00016766894736140967,1.2314631584205626,"tensor(100., device='cuda:0', dtype=torch.float64)"
187,val,2.205711897277832,0.0001552279737778008,1.010456494140625,"tensor(99.8400, device='cuda:0', dtype=torch.float64)"
188,train,2.5208673989105224,0.00016766489855851979,1.2298476801605225,"tensor(100., device='cuda:0', dtype=torch.float64)"
188,val,2.204219477844238,0.00015243840059265493,1.030443798828125,"tensor(99.8400, device='cuda:0', dtype=torch.float64)"
189,train,2.5256313032608033,0.00016786974245868624,1.2330342856330871,"tensor(100., device='cuda:0', dtype=torch.float64)"
189,val,2.2670901123046874,0.00016064689364284277,1.0301090454101562,"tensor(99.8400, device='cuda:0', dtype=torch.float64)"
190,train,2.5242906842041015,0.00016762432034127413,1.2335834166183473,"tensor(100., device='cuda:0', dtype=torch.float64)"
190,val,2.222975778198242,0.00015533798458054662,1.0268732849121094,"tensor(99.8400, device='cuda:0', dtype=torch.float64)"
191,train,2.5217678444900513,0.00016741768295736983,1.232651684967041,"tensor(100., device='cuda:0', dtype=torch.float64)"
191,val,2.227510194396973,0.00015603473922237753,1.0260427032470703,"tensor(99.8400, device='cuda:0', dtype=torch.float64)"
192,train,2.524898471710205,0.00016799462863523513,1.2313398318252564,"tensor(100., device='cuda:0', dtype=torch.float64)"
192,val,2.237178096008301,0.00015669581741094589,1.0306203125,"tensor(99.8400, device='cuda:0', dtype=torch.float64)"
193,train,2.525784605567932,0.00016767880617594346,1.234657797569275,"tensor(100., device='cuda:0', dtype=torch.float64)"
193,val,2.2316748580932617,0.0001566556887701154,1.0254260543823241,"tensor(99.8400, device='cuda:0', dtype=torch.float64)"
194,train,2.522929347618103,0.00016759625310637058,1.2324381990394593,"tensor(100., device='cuda:0', dtype=torch.float64)"
194,val,2.2221191818237305,0.00015560108460485936,1.0239908279418946,"tensor(99.8400, device='cuda:0', dtype=torch.float64)"
195,train,2.522850538276672,0.00016747580268234016,1.2332868567504882,"tensor(100., device='cuda:0', dtype=torch.float64)"
195,val,2.2009404861450195,0.00015455948887392877,1.0108324195861815,"tensor(99.8400, device='cuda:0', dtype=torch.float64)"
196,train,2.5238264027023316,0.00016776631352631376,1.2320257895851134,"tensor(100., device='cuda:0', dtype=torch.float64)"
196,val,2.2741624237060547,0.00016303904317319394,1.0187617874145507,"tensor(99.8400, device='cuda:0', dtype=torch.float64)"
197,train,2.5261593132476805,0.00016795595150534062,1.232898485546112,"tensor(100., device='cuda:0', dtype=torch.float64)"
197,val,2.202413494873047,0.00015378980385139584,1.018232000732422,"tensor(99.8400, device='cuda:0', dtype=torch.float64)"
198,train,2.523463934875488,0.0001676743616112508,1.2323713499412536,"tensor(100., device='cuda:0', dtype=torch.float64)"
198,val,2.2443388442993166,0.00015888191163539886,1.0209481163024903,"tensor(99.8400, device='cuda:0', dtype=torch.float64)"
199,train,2.5226222449798583,0.00016756596296932548,1.2323643312644958,"tensor(100., device='cuda:0', dtype=torch.float64)"
199,val,2.2061009704589845,0.0001540346359834075,1.02003426361084,"tensor(99.8400, device='cuda:0', dtype=torch.float64)"
200,train,2.5225148451004027,0.00016745494416961447,1.233111775241852,"tensor(100., device='cuda:0', dtype=torch.float64)"
200,val,2.233863229370117,0.0001581958786584437,1.0157549613952637,"tensor(99.8400, device='cuda:0', dtype=torch.float64)"
201,train,34.72930011843872,0.0037832561183515937,5.598228019805908,"tensor(96.3997, device='cuda:0', dtype=torch.float64)"
201,val,22.623965228271484,0.0021962908815592527,5.712525500488281,"tensor(97.5000, device='cuda:0', dtype=torch.float64)"
202,train,22.869548670440675,0.0024485333241410553,4.015842065460205,"tensor(97.7166, device='cuda:0', dtype=torch.float64)"
202,val,15.987382556152344,0.0016171482667326927,3.5353408950805663,"tensor(98.3000, device='cuda:0', dtype=torch.float64)"
203,train,18.9939773994751,0.002014638794792816,3.4812586858673096,"tensor(98.1460, device='cuda:0', dtype=torch.float64)"
203,val,15.720474389648437,0.0016019721500575542,3.3852888229370115,"tensor(98.2400, device='cuda:0', dtype=torch.float64)"
204,train,16.857701653381348,0.0017671480877827852,3.25066137600708,"tensor(98.3873, device='cuda:0', dtype=torch.float64)"
204,val,13.223622802734376,0.0013503893814980983,2.825624562072754,"tensor(98.5200, device='cuda:0', dtype=torch.float64)"
205,train,15.52461122518921,0.0016017666773777456,3.1910078069610597,"tensor(98.5591, device='cuda:0', dtype=torch.float64)"
205,val,12.781262225341797,0.0012625423476099967,3.0596861389160157,"tensor(98.5800, device='cuda:0', dtype=torch.float64)"
206,train,14.527219337524414,0.0014883827667310835,3.0666720432891847,"tensor(98.6732, device='cuda:0', dtype=torch.float64)"
206,val,10.609324716186524,0.0010005116380751133,2.9053850860595705,"tensor(99.0200, device='cuda:0', dtype=torch.float64)"
207,train,13.761448186920166,0.0014003570498935878,2.9786989017944334,"tensor(98.7589, device='cuda:0', dtype=torch.float64)"
207,val,9.640171911621094,0.0009598843637853861,2.249062301635742,"tensor(99.0800, device='cuda:0', dtype=torch.float64)"
208,train,13.063681443054199,0.001317694844054058,2.91743114478302,"tensor(98.8477, device='cuda:0', dtype=torch.float64)"
208,val,9.440172714233398,0.0009000095762312412,2.510098908996582,"tensor(99.1000, device='cuda:0', dtype=torch.float64)"
209,train,12.601201253295898,0.0012647981230784209,2.862255710334778,"tensor(98.9018, device='cuda:0', dtype=torch.float64)"
209,val,9.617005752563477,0.0009462230755016207,2.3310881118774414,"tensor(98.9800, device='cuda:0', dtype=torch.float64)"
210,train,11.981259463714599,0.0011906623764559626,2.813159157897949,"tensor(98.9839, device='cuda:0', dtype=torch.float64)"
210,val,10.758697525024415,0.0010156607210636138,2.9381100509643554,"tensor(98.8800, device='cuda:0', dtype=torch.float64)"
211,train,11.672600235290528,0.0011538976768497378,2.7875881262969973,"tensor(99.0265, device='cuda:0', dtype=torch.float64)"
211,val,8.145111532592773,0.0007231818698346615,2.576611148071289,"tensor(99.1600, device='cuda:0', dtype=torch.float64)"
212,train,11.306923679199219,0.0011135220960620791,2.7328035421600343,"tensor(99.0635, device='cuda:0', dtype=torch.float64)"
212,val,7.651041412353516,0.0007191421078518033,2.1136472122192385,"tensor(99.3000, device='cuda:0', dtype=torch.float64)"
213,train,11.035608366485596,0.0010810282073020936,2.7116911661224363,"tensor(99.0984, device='cuda:0', dtype=torch.float64)"
213,val,8.85075588684082,0.0008503741592168808,2.302874816894531,"tensor(99.1400, device='cuda:0', dtype=torch.float64)"
214,train,10.754378353729248,0.0010502101896889507,2.6677598970870973,"tensor(99.1252, device='cuda:0', dtype=torch.float64)"
214,val,8.808715014648438,0.0008106108034029603,2.567011720275879,"tensor(99.1600, device='cuda:0', dtype=torch.float64)"
215,train,10.55753504876709,0.0010244302234780043,2.669422327209473,"tensor(99.1527, device='cuda:0', dtype=torch.float64)"
215,val,6.795479013061524,0.0006490814050659537,1.7975522033691407,"tensor(99.3400, device='cuda:0', dtype=torch.float64)"
216,train,10.292566602600097,0.0009999824601989238,2.5927016558914184,"tensor(99.1736, device='cuda:0', dtype=torch.float64)"
216,val,8.18422575378418,0.0007798373786732554,2.179477877807617,"tensor(99.2200, device='cuda:0', dtype=torch.float64)"
217,train,10.138000861557007,0.0009772142684347927,2.613450995437622,"tensor(99.1963, device='cuda:0', dtype=torch.float64)"
217,val,8.263410397338868,0.0007886336570605636,2.190931262207031,"tensor(99.1400, device='cuda:0', dtype=torch.float64)"
218,train,9.915066381469726,0.0009518808618057519,2.5855837504577637,"tensor(99.2246, device='cuda:0', dtype=torch.float64)"
218,val,7.928554086303711,0.0006765965394675732,2.7187607330322265,"tensor(99.2400, device='cuda:0', dtype=torch.float64)"
219,train,9.641476893066406,0.0009224148697387427,2.538882395675659,"tensor(99.2659, device='cuda:0', dtype=torch.float64)"
219,val,7.3764003540039065,0.0006714407129213214,2.2063068969726563,"tensor(99.3000, device='cuda:0', dtype=torch.float64)"
220,train,9.72443918411255,0.0009280682341605425,2.5783137807998657,"tensor(99.2471, device='cuda:0', dtype=torch.float64)"
220,val,7.539884680175781,0.0006746039109304547,2.3454344955444335,"tensor(99.3000, device='cuda:0', dtype=torch.float64)"
221,train,9.456357711868286,0.0008977754791341722,2.5434865215530396,"tensor(99.2878, device='cuda:0', dtype=torch.float64)"
221,val,5.940973794555664,0.0005396104214712977,1.785973500061035,"tensor(99.5200, device='cuda:0', dtype=torch.float64)"
222,train,9.30841914176941,0.0008879619273450225,2.4711123046722414,"tensor(99.2871, device='cuda:0', dtype=torch.float64)"
222,val,8.054321765136718,0.0007274393282830715,2.453038935852051,"tensor(99.1600, device='cuda:0', dtype=torch.float64)"
223,train,9.16231656488037,0.0008661379260662943,2.493054541656494,"tensor(99.3153, device='cuda:0', dtype=torch.float64)"
223,val,7.02646669921875,0.0005705168481916189,2.6334869506835936,"tensor(99.4400, device='cuda:0', dtype=torch.float64)"
224,train,9.035467353240966,0.0008544469629805535,2.456225732116699,"tensor(99.3258, device='cuda:0', dtype=torch.float64)"
224,val,6.465334619140625,0.0006027201889082789,1.8243891479492187,"tensor(99.3800, device='cuda:0', dtype=torch.float64)"
225,train,8.950885116821288,0.0008390021909847855,2.4905682462387086,"tensor(99.3430, device='cuda:0', dtype=torch.float64)"
225,val,6.389750213623047,0.0005031708119437098,2.5153349838256838,"tensor(99.5200, device='cuda:0', dtype=torch.float64)"
226,train,8.901597016403198,0.000837445313712582,2.453268097824097,"tensor(99.3334, device='cuda:0', dtype=torch.float64)"
226,val,7.540519540405273,0.0006724833669140935,2.3623975997924807,"tensor(99.2600, device='cuda:0', dtype=torch.float64)"
227,train,8.804484019317627,0.0008269154630023986,2.437234956161499,"tensor(99.3494, device='cuda:0', dtype=torch.float64)"
227,val,7.301756768798828,0.0006634085658937692,2.1935108505249024,"tensor(99.3000, device='cuda:0', dtype=torch.float64)"
228,train,8.713940500900268,0.0008139988752510399,2.4461491641921995,"tensor(99.3652, device='cuda:0', dtype=torch.float64)"
228,val,6.440450521850586,0.0005545536385849118,2.170387544250488,"tensor(99.4000, device='cuda:0', dtype=torch.float64)"
229,train,8.651728501480102,0.00080685140748322,2.4389726631088258,"tensor(99.3699, device='cuda:0', dtype=torch.float64)"
229,val,6.315513092041016,0.0005302197810262442,2.2328208084106445,"tensor(99.4400, device='cuda:0', dtype=torch.float64)"
230,train,7.960129088790894,0.0007284808187410235,2.3508267863693235,"tensor(99.4547, device='cuda:0', dtype=torch.float64)"
230,val,6.881280285644531,0.0005900528959929943,2.337872930908203,"tensor(99.3200, device='cuda:0', dtype=torch.float64)"
231,train,7.864646390365601,0.0007135897571630776,2.3700052621154786,"tensor(99.4587, device='cuda:0', dtype=torch.float64)"
231,val,5.511052798461914,0.0004545604022219777,2.0109376953125,"tensor(99.5600, device='cuda:0', dtype=torch.float64)"
232,train,7.745753063476562,0.0007018582832859829,2.3414442828445434,"tensor(99.4749, device='cuda:0', dtype=torch.float64)"
232,val,5.4647177276611325,0.00045813350584357975,1.9370897521972656,"tensor(99.5400, device='cuda:0', dtype=torch.float64)"
233,train,7.747784228469849,0.000699211451661773,2.363856052658081,"tensor(99.4755, device='cuda:0', dtype=torch.float64)"
233,val,6.390862460327148,0.0005385504711419344,2.2440238037109377,"tensor(99.4600, device='cuda:0', dtype=torch.float64)"
234,train,7.673881845367432,0.0006936143749253825,2.3330511626586916,"tensor(99.4783, device='cuda:0', dtype=torch.float64)"
234,val,6.594760864257813,0.000496405435912311,2.7724389984130857,"tensor(99.5400, device='cuda:0', dtype=torch.float64)"
235,train,7.553279135040283,0.00068092635510955,2.3101462069091796,"tensor(99.4907, device='cuda:0', dtype=torch.float64)"
235,val,6.454543276977539,0.000526979685947299,2.3967996826171873,"tensor(99.4400, device='cuda:0', dtype=torch.float64)"
236,train,7.569514962982177,0.000681988166228868,2.318206081878662,"tensor(99.4939, device='cuda:0', dtype=torch.float64)"
236,val,5.500061889648437,0.00047034928761422633,1.8783723663330079,"tensor(99.5000, device='cuda:0', dtype=torch.float64)"
237,train,7.457745948059082,0.0006711805038210005,2.2896560682373046,"tensor(99.5094, device='cuda:0', dtype=torch.float64)"
237,val,6.836586001586914,0.0006143140489235521,2.106367839050293,"tensor(99.2400, device='cuda:0', dtype=torch.float64)"
238,train,7.488281410339355,0.0006682780689541251,2.3425402788238525,"tensor(99.5094, device='cuda:0', dtype=torch.float64)"
238,val,5.8157245056152345,0.00047327339854091405,2.171519334411621,"tensor(99.5200, device='cuda:0', dtype=torch.float64)"
239,train,7.436736373367309,0.0006636206146245822,2.3268576439590456,"tensor(99.5142, device='cuda:0', dtype=torch.float64)"
239,val,6.579016885375976,0.0005428705204278231,2.3989138900756837,"tensor(99.4200, device='cuda:0', dtype=torch.float64)"
240,train,7.259887530822754,0.0006446944192564115,2.2957405012817382,"tensor(99.5409, device='cuda:0', dtype=torch.float64)"
240,val,6.226066812133789,0.0005370751159265637,2.0905884002685546,"tensor(99.4200, device='cuda:0', dtype=torch.float64)"
241,train,7.12100308946228,0.0006298482179595158,2.2711718087387083,"tensor(99.5513, device='cuda:0', dtype=torch.float64)"
241,val,5.335834857177734,0.00045597417429089546,1.824833738708496,"tensor(99.4800, device='cuda:0', dtype=torch.float64)"
242,train,7.1025161946411135,0.0006270258844103665,2.274416884803772,"tensor(99.5459, device='cuda:0', dtype=torch.float64)"
242,val,5.268547863769531,0.0004470253523439169,1.8264526306152344,"tensor(99.5200, device='cuda:0', dtype=torch.float64)"
243,train,7.096441951141357,0.0006260909708011896,2.2755414765625,"tensor(99.5485, device='cuda:0', dtype=torch.float64)"
243,val,5.249707522583008,0.0004442661141976714,1.8288584213256835,"tensor(99.5000, device='cuda:0', dtype=torch.float64)"
244,train,7.020072128494263,0.0006184668624280021,2.257877289085388,"tensor(99.5599, device='cuda:0', dtype=torch.float64)"
244,val,6.606221517944336,0.0005264186453074217,2.5527979721069336,"tensor(99.4000, device='cuda:0', dtype=torch.float64)"
245,train,6.945717819259643,0.0006091283169044182,2.255429783241272,"tensor(99.5709, device='cuda:0', dtype=torch.float64)"
245,val,4.859867514038086,0.0003819984057918191,1.9184798095703126,"tensor(99.6000, device='cuda:0', dtype=torch.float64)"
246,train,7.029664821670532,0.0006172571284025907,2.2767849338607786,"tensor(99.5605, device='cuda:0', dtype=torch.float64)"
246,val,5.829451837158203,0.00047283678818494084,2.1886085540771485,"tensor(99.4600, device='cuda:0', dtype=torch.float64)"
247,train,7.03510513861084,0.0006146929616369307,2.3019693316726686,"tensor(99.5574, device='cuda:0', dtype=torch.float64)"
247,val,5.570029943847656,0.0004530072120949626,2.0818743911743165,"tensor(99.4800, device='cuda:0', dtype=torch.float64)"
248,train,7.024915985061646,0.0006154045583363622,2.286300887466431,"tensor(99.5620, device='cuda:0', dtype=torch.float64)"
248,val,5.638399575805664,0.00045429403465241196,2.1403354583740235,"tensor(99.5000, device='cuda:0', dtype=torch.float64)"
249,train,6.8678410511932375,0.0006013218449652195,2.2376628452529905,"tensor(99.5805, device='cuda:0', dtype=torch.float64)"
249,val,5.768586169433593,0.0005051377004012466,1.8790258407592773,"tensor(99.4200, device='cuda:0', dtype=torch.float64)"
250,train,6.9027587472229,0.0006047036024676636,2.2465410078887937,"tensor(99.5716, device='cuda:0', dtype=torch.float64)"
250,val,5.603414578247071,0.0004542673224583268,2.1055561645507814,"tensor(99.5400, device='cuda:0', dtype=torch.float64)"
251,train,6.879906752655029,0.0006021178200449794,2.2435995409393312,"tensor(99.5758, device='cuda:0', dtype=torch.float64)"
251,val,6.222479895019531,0.0005476653998717666,2.005456297302246,"tensor(99.3800, device='cuda:0', dtype=torch.float64)"
252,train,6.889793230041504,0.0006033602238604799,2.243919502723694,"tensor(99.5770, device='cuda:0', dtype=torch.float64)"
252,val,5.427993338012695,0.00046443444304168223,1.8518481262207032,"tensor(99.5000, device='cuda:0', dtype=torch.float64)"
253,train,6.886583689956665,0.0006040309913987294,2.235545058242798,"tensor(99.5736, device='cuda:0', dtype=torch.float64)"
253,val,5.504164181518554,0.0004607301589101553,1.956541944885254,"tensor(99.5000, device='cuda:0', dtype=torch.float64)"
254,train,6.8182808361969,0.000594819178677164,2.2381731587600706,"tensor(99.5814, device='cuda:0', dtype=torch.float64)"
254,val,4.457646008300781,0.0003529598051682115,1.7398555114746095,"tensor(99.6400, device='cuda:0', dtype=torch.float64)"
255,train,6.836379598068238,0.0005927371319932863,2.2723036834487913,"tensor(99.5787, device='cuda:0', dtype=torch.float64)"
255,val,5.20707497253418,0.000451779074408114,1.7283760696411132,"tensor(99.5200, device='cuda:0', dtype=torch.float64)"
256,train,6.7241097564239505,0.0005815825941078365,2.2459237819061277,"tensor(99.5984, device='cuda:0', dtype=torch.float64)"
256,val,5.034844522094726,0.00041913564410060646,1.8075000534057617,"tensor(99.5000, device='cuda:0', dtype=torch.float64)"
257,train,6.735848346206665,0.0005848290108796209,2.232664962715149,"tensor(99.5957, device='cuda:0', dtype=torch.float64)"
257,val,4.868189764404297,0.0003756326695904136,1.975818196105957,"tensor(99.5800, device='cuda:0', dtype=torch.float64)"
258,train,6.781955065002442,0.000590108023269102,2.2381232835617064,"tensor(99.5838, device='cuda:0', dtype=torch.float64)"
258,val,5.841084652709961,0.00046212868895381687,2.282693716430664,"tensor(99.5000, device='cuda:0', dtype=torch.float64)"
259,train,6.699254480880738,0.0005809351366059855,2.2260539321289063,"tensor(99.5963, device='cuda:0', dtype=torch.float64)"
259,val,4.961087762451172,0.00038817986585199833,1.972102816772461,"tensor(99.5800, device='cuda:0', dtype=torch.float64)"
260,train,6.732996697998047,0.0005832228482607752,2.2421807656555175,"tensor(99.5952, device='cuda:0', dtype=torch.float64)"
260,val,5.340195223999023,0.00044061541631817817,1.9474565200805665,"tensor(99.4800, device='cuda:0', dtype=torch.float64)"
261,train,6.762872660202026,0.0005868771856995299,2.2439183299942016,"tensor(99.5863, device='cuda:0', dtype=torch.float64)"
261,val,5.725193658447266,0.0004515093198046088,2.2485719329833986,"tensor(99.5200, device='cuda:0', dtype=torch.float64)"
262,train,6.748632092285156,0.0005834028990427032,2.256429772041321,"tensor(99.5952, device='cuda:0', dtype=torch.float64)"
262,val,4.529913754272461,0.0003505774736404419,1.830467204284668,"tensor(99.6600, device='cuda:0', dtype=torch.float64)"
263,train,6.706115087371826,0.0005791801007799804,2.2464283128585816,"tensor(99.5997, device='cuda:0', dtype=torch.float64)"
263,val,6.819361080932617,0.0005665475036948919,2.456945300292969,"tensor(99.3600, device='cuda:0', dtype=torch.float64)"
264,train,6.653060131896972,0.0005753312814338133,2.2230092646255493,"tensor(99.6021, device='cuda:0', dtype=torch.float64)"
264,val,5.1235622253417965,0.0004286680903285742,1.8228179382324219,"tensor(99.5000, device='cuda:0', dtype=torch.float64)"
265,train,6.625719154403686,0.0005727414980744943,2.2156096202926636,"tensor(99.6042, device='cuda:0', dtype=torch.float64)"
265,val,5.40607356262207,0.00045279477406293155,1.9195537826538085,"tensor(99.4600, device='cuda:0', dtype=torch.float64)"
266,train,6.688902151168823,0.0005805112666161731,2.2189653985214233,"tensor(99.5929, device='cuda:0', dtype=torch.float64)"
266,val,4.939221557617188,0.00039052075650542975,1.932211737060547,"tensor(99.6400, device='cuda:0', dtype=torch.float64)"
267,train,6.633979599777222,0.0005739799996409566,2.2143336017532347,"tensor(99.6057, device='cuda:0', dtype=torch.float64)"
267,val,5.802034725952148,0.0004640157327055931,2.22911358795166,"tensor(99.4400, device='cuda:0', dtype=torch.float64)"
268,train,6.685336386825561,0.0005769767969148234,2.2426150503768922,"tensor(99.5995, device='cuda:0', dtype=torch.float64)"
268,val,5.428069689941406,0.00046683764047920705,1.8334198654174805,"tensor(99.4800, device='cuda:0', dtype=torch.float64)"
269,train,6.6389497520294185,0.0005742497585052624,2.2172266138839722,"tensor(99.6065, device='cuda:0', dtype=torch.float64)"
269,val,5.80556598815918,0.0005033181559294462,1.9300161926269532,"tensor(99.3800, device='cuda:0', dtype=torch.float64)"
270,train,6.673712785476685,0.0005768763445671648,2.2317649324569704,"tensor(99.6026, device='cuda:0', dtype=torch.float64)"
270,val,5.338626022338867,0.00046813246551901104,1.7340060485839843,"tensor(99.4800, device='cuda:0', dtype=torch.float64)"
271,train,6.67702160559082,0.0005776548551395535,2.2290792219314577,"tensor(99.6002, device='cuda:0', dtype=torch.float64)"
271,val,5.201235327148438,0.0004209385579451919,1.9600084075927735,"tensor(99.5400, device='cuda:0', dtype=torch.float64)"
272,train,6.651747273071289,0.0005740080278934911,2.2318854553146363,"tensor(99.6033, device='cuda:0', dtype=torch.float64)"
272,val,4.9397232116699215,0.0004170507052913308,1.7284327697753907,"tensor(99.5200, device='cuda:0', dtype=torch.float64)"
273,train,6.634112819030761,0.0005733994691073895,2.2189369039993285,"tensor(99.6103, device='cuda:0', dtype=torch.float64)"
273,val,6.174207424926758,0.0004809431426227093,2.4709452911376952,"tensor(99.4400, device='cuda:0', dtype=torch.float64)"
274,train,6.619273181365966,0.0005688461813684553,2.239157584777832,"tensor(99.6125, device='cuda:0', dtype=torch.float64)"
274,val,4.916187771606445,0.0004163159754127264,1.7105547409057618,"tensor(99.5800, device='cuda:0', dtype=torch.float64)"
275,train,6.662329891677857,0.0005736914505641908,2.244905724494934,"tensor(99.6071, device='cuda:0', dtype=torch.float64)"
275,val,5.395381164550781,0.0004186726683750749,2.1716016357421877,"tensor(99.5000, device='cuda:0', dtype=torch.float64)"
276,train,6.547450776290893,0.0005622126341117546,2.218413496498108,"tensor(99.6164, device='cuda:0', dtype=torch.float64)"
276,val,4.428031918334961,0.0003334107894450426,1.860768846130371,"tensor(99.7200, device='cuda:0', dtype=torch.float64)"
277,train,6.665501211059571,0.0005747842136211693,2.239662768211365,"tensor(99.6035, device='cuda:0', dtype=torch.float64)"
277,val,5.079545816040039,0.0004296178262680769,1.7714885223388672,"tensor(99.5000, device='cuda:0', dtype=torch.float64)"
278,train,6.624180783813476,0.0005701020564595238,2.23439494745636,"tensor(99.6134, device='cuda:0', dtype=torch.float64)"
278,val,5.29994582824707,0.00043458639401942493,1.9536306335449218,"tensor(99.5400, device='cuda:0', dtype=torch.float64)"
279,train,6.661592572601318,0.0005756327522415667,2.2292203794021606,"tensor(99.6005, device='cuda:0', dtype=torch.float64)"
279,val,5.072387182617187,0.00041371615957468746,1.8867727279663087,"tensor(99.5800, device='cuda:0', dtype=torch.float64)"
280,train,6.558982089752197,0.0005626459704302252,2.226608119850159,"tensor(99.6191, device='cuda:0', dtype=torch.float64)"
280,val,4.796019296264649,0.00040211057513952255,1.699767889404297,"tensor(99.6000, device='cuda:0', dtype=torch.float64)"
281,train,6.648593374435425,0.0005746362480958924,2.2238942640304566,"tensor(99.6014, device='cuda:0', dtype=torch.float64)"
281,val,5.175830947875976,0.00042583433482795956,1.8969065811157226,"tensor(99.5200, device='cuda:0', dtype=torch.float64)"
282,train,6.652457205657959,0.0005753519758749753,2.2222469886550904,"tensor(99.5965, device='cuda:0', dtype=torch.float64)"
282,val,5.566040951538086,0.00046320519633591173,1.9993609405517578,"tensor(99.5400, device='cuda:0', dtype=torch.float64)"
283,train,6.632490534698486,0.0005739083953369408,2.213395889602661,"tensor(99.6055, device='cuda:0', dtype=torch.float64)"
283,val,5.441352365112305,0.00046667911410331724,1.847923143005371,"tensor(99.5000, device='cuda:0', dtype=torch.float64)"
284,train,6.670799562683105,0.000575387861032039,2.2403130347976683,"tensor(99.6002, device='cuda:0', dtype=torch.float64)"
284,val,4.959917636108399,0.00040451111812144516,1.8451819854736329,"tensor(99.5600, device='cuda:0', dtype=torch.float64)"
285,train,6.600667985061645,0.0005695596116371453,2.2150589744262694,"tensor(99.6089, device='cuda:0', dtype=torch.float64)"
285,val,5.281846951293946,0.0004303895927965641,1.9678471405029296,"tensor(99.5000, device='cuda:0', dtype=torch.float64)"
286,train,6.660504515090943,0.0005767180628497154,2.2197754295806886,"tensor(99.6010, device='cuda:0', dtype=torch.float64)"
286,val,5.749962356567383,0.0004734944988042116,2.1040547134399414,"tensor(99.5200, device='cuda:0', dtype=torch.float64)"
287,train,6.650670023208618,0.0005720320823667571,2.2460229890441896,"tensor(99.6054, device='cuda:0', dtype=torch.float64)"
287,val,5.616624893188477,0.00045373052433133124,2.1228998443603517,"tensor(99.5000, device='cuda:0', dtype=torch.float64)"
288,train,6.565536539108276,0.0005637768924748525,2.224454467704773,"tensor(99.6203, device='cuda:0', dtype=torch.float64)"
288,val,5.5427824371337895,0.00044218135569244624,2.1379860427856445,"tensor(99.5200, device='cuda:0', dtype=torch.float64)"
289,train,6.635338072860717,0.0005694617260936647,2.25048278049469,"tensor(99.6099, device='cuda:0', dtype=torch.float64)"
289,val,4.732181527709961,0.00038575138226151464,1.7618958709716797,"tensor(99.6000, device='cuda:0', dtype=torch.float64)"
290,train,6.606780402175903,0.0005651912842253224,2.254807514099121,"tensor(99.6114, device='cuda:0', dtype=torch.float64)"
290,val,5.069241162109375,0.00042311250511556863,1.8112748809814454,"tensor(99.5600, device='cuda:0', dtype=torch.float64)"
291,train,6.684210625274658,0.0005746476123509929,2.259424011642456,"tensor(99.5991, device='cuda:0', dtype=torch.float64)"
291,val,4.657467794799805,0.00035213105883449315,1.9460586669921875,"tensor(99.6600, device='cuda:0', dtype=torch.float64)"
292,train,6.533695812164306,0.0005624025406157598,2.2031962523040773,"tensor(99.6189, device='cuda:0', dtype=torch.float64)"
292,val,5.164655981445312,0.00041702078953385354,1.9535958984375,"tensor(99.5200, device='cuda:0', dtype=torch.float64)"
293,train,6.610208384185791,0.0005687443555602804,2.2308768411712645,"tensor(99.6085, device='cuda:0', dtype=torch.float64)"
293,val,5.432668063354492,0.00043227457143366337,2.10415380859375,"tensor(99.5000, device='cuda:0', dtype=torch.float64)"
294,train,6.610435190368652,0.0005705504396213218,2.2171968029785156,"tensor(99.6054, device='cuda:0', dtype=torch.float64)"
294,val,5.200974563598633,0.0004025991607457399,2.1009610107421874,"tensor(99.6000, device='cuda:0', dtype=torch.float64)"
295,train,6.673477042648315,0.0005748059284007177,2.2474713920059206,"tensor(99.5978, device='cuda:0', dtype=torch.float64)"
295,val,5.076979000854492,0.0004144695958122611,1.8855631439208984,"tensor(99.5200, device='cuda:0', dtype=torch.float64)"
296,train,6.567623709808349,0.0005671537635503337,2.200539729270935,"tensor(99.6145, device='cuda:0', dtype=torch.float64)"
296,val,4.487814987182618,0.000371694335155189,1.625768653869629,"tensor(99.6200, device='cuda:0', dtype=torch.float64)"
297,train,6.621713276473999,0.0005706712150461971,2.2275449224700927,"tensor(99.6119, device='cuda:0', dtype=torch.float64)"
297,val,5.317001989746093,0.00038369336538016796,2.3625630859375,"tensor(99.6400, device='cuda:0', dtype=torch.float64)"
298,train,6.599365408493042,0.0005657134047700092,2.243372192337036,"tensor(99.6135, device='cuda:0', dtype=torch.float64)"
298,val,5.01955163269043,0.0004010166296735406,1.9317235931396484,"tensor(99.6000, device='cuda:0', dtype=torch.float64)"
299,train,6.581058453201294,0.0005659224922545254,2.2234552622833252,"tensor(99.6132, device='cuda:0', dtype=torch.float64)"
299,val,5.23837533569336,0.00043689174987375734,1.8743088592529298,"tensor(99.5800, device='cuda:0', dtype=torch.float64)"
300,train,6.6069484059448245,0.0005656682859957219,2.2513026045303346,"tensor(99.6100, device='cuda:0', dtype=torch.float64)"
300,val,6.104745120239258,0.0005258694618940354,2.0555502227783204,"tensor(99.3600, device='cuda:0', dtype=torch.float64)"
301,train,6.611517000320434,0.0005710151047473774,2.2147006937179565,"tensor(99.6079, device='cuda:0', dtype=torch.float64)"
301,val,4.709076382446289,0.00038782036527991296,1.7228595504760742,"tensor(99.5800, device='cuda:0', dtype=torch.float64)"
302,train,6.64914071810913,0.0005729308725493029,2.2375729977264402,"tensor(99.6016, device='cuda:0', dtype=torch.float64)"
302,val,5.33008489074707,0.00044483984373509887,1.9048180847167968,"tensor(99.4800, device='cuda:0', dtype=torch.float64)"
303,train,6.612563497421265,0.0005701932100942358,2.2220757822113035,"tensor(99.6042, device='cuda:0', dtype=torch.float64)"
303,val,6.454863345336914,0.0004938208589330315,2.652442691040039,"tensor(99.4400, device='cuda:0', dtype=torch.float64)"
304,train,6.569921031600952,0.0005665807500137017,2.2072492582931518,"tensor(99.6134, device='cuda:0', dtype=torch.float64)"
304,val,4.811014535522461,0.0003954970134422183,1.7656875122070312,"tensor(99.6200, device='cuda:0', dtype=torch.float64)"
305,train,6.6038086431427,0.0005690823518419638,2.2218745320663453,"tensor(99.6092, device='cuda:0', dtype=torch.float64)"
305,val,4.463911053466797,0.0003650959938764572,1.6526719284057618,"tensor(99.6400, device='cuda:0', dtype=torch.float64)"
306,train,6.6524315927581785,0.0005733215960683301,2.2378553040466307,"tensor(99.6029, device='cuda:0', dtype=torch.float64)"
306,val,4.655888610839844,0.0003837430372834206,1.7010672302246095,"tensor(99.5800, device='cuda:0', dtype=torch.float64)"
307,train,6.628539896759033,0.0005729488812526688,2.2168335076675416,"tensor(99.6030, device='cuda:0', dtype=torch.float64)"
307,val,5.155490612792969,0.0004158884083852172,1.9531498733520507,"tensor(99.6000, device='cuda:0', dtype=torch.float64)"
308,train,6.599394539260865,0.0005679224241906777,2.226391873588562,"tensor(99.6100, device='cuda:0', dtype=torch.float64)"
308,val,4.297657260131836,0.0003445865675806999,1.6443406784057617,"tensor(99.6800, device='cuda:0', dtype=torch.float64)"
309,train,6.6650834122314455,0.0005746667477590963,2.2401494508132935,"tensor(99.6014, device='cuda:0', dtype=torch.float64)"
309,val,5.70220986328125,0.00043214364293962717,2.3747038635253905,"tensor(99.5000, device='cuda:0', dtype=torch.float64)"
310,train,6.5631266134185795,0.0005663308965303004,2.202378711753845,"tensor(99.6143, device='cuda:0', dtype=torch.float64)"
310,val,5.481239627075196,0.0004339643765240908,2.1397139373779295,"tensor(99.5200, device='cuda:0', dtype=torch.float64)"
311,train,6.528754770172119,0.0005627760655740276,2.195379059806824,"tensor(99.6156, device='cuda:0', dtype=torch.float64)"
311,val,4.777315145874024,0.00040021422300487756,1.6956656295776367,"tensor(99.5800, device='cuda:0', dtype=torch.float64)"
312,train,6.592988178863525,0.0005675893292231485,2.222550344291687,"tensor(99.6133, device='cuda:0', dtype=torch.float64)"
312,val,4.918368753051758,0.00039184632766991854,1.9011520568847655,"tensor(99.6200, device='cuda:0', dtype=torch.float64)"
313,train,6.58851841003418,0.0005649549711653963,2.2383651310424804,"tensor(99.6180, device='cuda:0', dtype=torch.float64)"
313,val,5.800447680664062,0.00047343633696436883,2.154987908935547,"tensor(99.5000, device='cuda:0', dtype=torch.float64)"
314,train,6.613327869598389,0.0005710083086416125,2.2165638958969116,"tensor(99.6044, device='cuda:0', dtype=torch.float64)"
314,val,5.829023483276367,0.0004945963494479656,2.020631617736816,"tensor(99.4400, device='cuda:0', dtype=torch.float64)"
315,train,6.603165280654907,0.0005646591232400387,2.2552900305633545,"tensor(99.6195, device='cuda:0', dtype=torch.float64)"
315,val,6.0868817291259765,0.00047417872846126555,2.4357054931640625,"tensor(99.4000, device='cuda:0', dtype=torch.float64)"
316,train,6.659427343124389,0.0005728900740966201,2.24817377419281,"tensor(99.6034, device='cuda:0', dtype=torch.float64)"
316,val,5.501885858154297,0.0003818850737065077,2.5613708190917968,"tensor(99.6000, device='cuda:0', dtype=torch.float64)"
317,train,6.602083225585938,0.0005674480598298833,2.232733161125183,"tensor(99.6091, device='cuda:0', dtype=torch.float64)"
317,val,5.877923318481446,0.0004485079117119312,2.4244124099731446,"tensor(99.5400, device='cuda:0', dtype=torch.float64)"
318,train,6.673686057098388,0.0005773180415201933,2.228337135231018,"tensor(99.5965, device='cuda:0', dtype=torch.float64)"
318,val,4.322265542602539,0.0003470332361757755,1.6501096145629883,"tensor(99.6600, device='cuda:0', dtype=torch.float64)"
319,train,6.571154975341797,0.0005657602444877848,2.2148010922698975,"tensor(99.6165, device='cuda:0', dtype=torch.float64)"
319,val,5.178823873901367,0.00043417439479380844,1.8356810348510741,"tensor(99.5400, device='cuda:0', dtype=torch.float64)"
320,train,6.519945887039184,0.0005619921328164638,2.192606460067749,"tensor(99.6198, device='cuda:0', dtype=torch.float64)"
320,val,4.879971850585937,0.00037217906340956687,2.0141930740356444,"tensor(99.6400, device='cuda:0', dtype=torch.float64)"
321,train,6.583624032714844,0.0005667161915879697,2.2199093599243165,"tensor(99.6168, device='cuda:0', dtype=torch.float64)"
321,val,5.108986090087891,0.0003997075082734227,2.0312382766723633,"tensor(99.5800, device='cuda:0', dtype=torch.float64)"
322,train,6.5823381212158205,0.0005681949840448797,2.2072367448272705,"tensor(99.6091, device='cuda:0', dtype=torch.float64)"
322,val,4.609721911621094,0.00034842209313064814,1.9268718353271483,"tensor(99.6200, device='cuda:0', dtype=torch.float64)"
323,train,6.510090927536011,0.0005594737831577659,2.202142795211792,"tensor(99.6236, device='cuda:0', dtype=torch.float64)"
323,val,5.592364376831054,0.0004570170404389501,2.0733331634521486,"tensor(99.5000, device='cuda:0', dtype=torch.float64)"
324,train,6.570854051742554,0.0005619920306373388,2.24351541847229,"tensor(99.6228, device='cuda:0', dtype=torch.float64)"
324,val,5.765084045410156,0.00044112327825278043,2.368434780883789,"tensor(99.4800, device='cuda:0', dtype=torch.float64)"
325,train,6.6149564461669925,0.0005717289436617866,2.212643582939148,"tensor(99.6058, device='cuda:0', dtype=torch.float64)"
325,val,4.422796835327149,0.0003542995860800147,1.6946900299072265,"tensor(99.6600, device='cuda:0', dtype=torch.float64)"
326,train,6.606319176361084,0.0005692655249442905,2.2229746360931397,"tensor(99.6088, device='cuda:0', dtype=torch.float64)"
326,val,4.845254281616211,0.000400430690869689,1.761937986755371,"tensor(99.5400, device='cuda:0', dtype=torch.float64)"
327,train,6.606660173690796,0.0005713974817479029,2.2068995619506837,"tensor(99.6097, device='cuda:0', dtype=torch.float64)"
327,val,6.083385690307617,0.000487777929008007,2.327495635986328,"tensor(99.4800, device='cuda:0', dtype=torch.float64)"
328,train,6.568170842910766,0.0005654060878520831,2.214543968421936,"tensor(99.6161, device='cuda:0', dtype=torch.float64)"
328,val,6.5223465881347655,0.000489347087033093,2.754374008178711,"tensor(99.4400, device='cuda:0', dtype=torch.float64)"
329,train,6.571615184143067,0.0005692336336532608,2.1885162023086546,"tensor(99.6078, device='cuda:0', dtype=torch.float64)"
329,val,5.20823916015625,0.0004240144183859229,1.9433281066894532,"tensor(99.5200, device='cuda:0', dtype=torch.float64)"
330,train,6.660781364440918,0.0005734919739123434,2.244893161430359,"tensor(99.6003, device='cuda:0', dtype=torch.float64)"
330,val,4.478793624877929,0.0003613117979839444,1.696692774963379,"tensor(99.6400, device='cuda:0', dtype=torch.float64)"
331,train,6.585770999542237,0.0005690671542026102,2.203953912490845,"tensor(99.6089, device='cuda:0', dtype=torch.float64)"
331,val,4.947089974975586,0.00041587549373507497,1.7448486679077149,"tensor(99.5400, device='cuda:0', dtype=torch.float64)"
332,train,6.643730826248169,0.0005729288625018671,2.2321785853500367,"tensor(99.6040, device='cuda:0', dtype=torch.float64)"
332,val,4.86849458618164,0.000388524798117578,1.8768536514282226,"tensor(99.5800, device='cuda:0', dtype=torch.float64)"
333,train,6.561904093780518,0.0005622144483560696,2.232852842475891,"tensor(99.6173, device='cuda:0', dtype=torch.float64)"
333,val,4.3089754791259764,0.0003457682851701975,1.6465596649169922,"tensor(99.6400, device='cuda:0', dtype=torch.float64)"
334,train,6.620167251693726,0.0005698301806636155,2.232474860015869,"tensor(99.6092, device='cuda:0', dtype=torch.float64)"
334,val,5.340610504150391,0.00045379125531762836,1.8464178115844727,"tensor(99.5200, device='cuda:0', dtype=torch.float64)"
335,train,6.559367766372681,0.0005656855653682724,2.2035889160232545,"tensor(99.6132, device='cuda:0', dtype=torch.float64)"
335,val,5.715009915161133,0.0005081378307193518,1.8023486053466797,"tensor(99.4200, device='cuda:0', dtype=torch.float64)"
336,train,6.6291105102539065,0.0005717219809256494,2.226851255950928,"tensor(99.6057, device='cuda:0', dtype=torch.float64)"
336,val,5.5641562927246095,0.0004673734551295638,1.9653806777954101,"tensor(99.5000, device='cuda:0', dtype=torch.float64)"
337,train,6.586839550689697,0.0005673451336175203,2.218282019744873,"tensor(99.6124, device='cuda:0', dtype=torch.float64)"
337,val,5.271972576904297,0.0004255008786916733,1.9956158325195312,"tensor(99.5800, device='cuda:0', dtype=torch.float64)"
338,train,6.578964517425537,0.0005645771214729175,2.231720682144165,"tensor(99.6181, device='cuda:0', dtype=torch.float64)"
338,val,5.108219754028321,0.0004170389287173748,1.897020004272461,"tensor(99.5800, device='cuda:0', dtype=torch.float64)"
339,train,6.554412228408814,0.000563563047005795,2.2149767653274535,"tensor(99.6121, device='cuda:0', dtype=torch.float64)"
339,val,4.62449291381836,0.0003841061998158693,1.6668751754760742,"tensor(99.6000, device='cuda:0', dtype=torch.float64)"
340,train,6.626730362411499,0.0005743586636874824,2.20416865322113,"tensor(99.6042, device='cuda:0', dtype=torch.float64)"
340,val,4.672712411499023,0.0003699714628979564,1.8239321914672852,"tensor(99.6000, device='cuda:0', dtype=torch.float64)"
341,train,6.594934725692749,0.000568164470911026,2.2200682996520995,"tensor(99.6121, device='cuda:0', dtype=torch.float64)"
341,val,5.678977963256836,0.00044735410772264,2.234351318359375,"tensor(99.5600, device='cuda:0', dtype=torch.float64)"
342,train,6.602090873687744,0.000570713839112781,2.2075943111343386,"tensor(99.6040, device='cuda:0', dtype=torch.float64)"
342,val,6.353915496826172,0.0005191776383668184,2.356247702026367,"tensor(99.4200, device='cuda:0', dtype=torch.float64)"
343,train,6.620074014160156,0.0005686985363494605,2.241095287437439,"tensor(99.6117, device='cuda:0', dtype=torch.float64)"
343,val,5.215418887329101,0.0004355156732723117,1.8619482040405273,"tensor(99.5200, device='cuda:0', dtype=torch.float64)"
344,train,6.557202230926514,0.0005635454190317541,2.21790250466156,"tensor(99.6175, device='cuda:0', dtype=torch.float64)"
344,val,5.331120016479492,0.00045443685855716466,1.8319562072753905,"tensor(99.5000, device='cuda:0', dtype=torch.float64)"
345,train,6.615901982925415,0.000568142337385565,2.2412059864959715,"tensor(99.6081, device='cuda:0', dtype=torch.float64)"
345,val,5.237855471801758,0.00041383572686463596,2.0513203521728514,"tensor(99.5400, device='cuda:0', dtype=torch.float64)"
346,train,6.455345884933472,0.0005554165568035096,2.1786383935699463,"tensor(99.6265, device='cuda:0', dtype=torch.float64)"
346,val,5.1306019866943355,0.0004159714303910732,1.9276219955444336,"tensor(99.5600, device='cuda:0', dtype=torch.float64)"
347,train,6.649844013839722,0.0005751597592132166,2.2211138709869385,"tensor(99.5976, device='cuda:0', dtype=torch.float64)"
347,val,5.344149368286133,0.00044553120695054534,1.9135590286254882,"tensor(99.5200, device='cuda:0', dtype=torch.float64)"
348,train,6.579143309265136,0.000568543909586966,2.2013552072906495,"tensor(99.6074, device='cuda:0', dtype=torch.float64)"
348,val,5.719781616210938,0.00048016351629048587,2.0225225143432617,"tensor(99.4800, device='cuda:0', dtype=torch.float64)"
349,train,6.630121968887329,0.0005704609674410894,2.237572518074036,"tensor(99.6061, device='cuda:0', dtype=torch.float64)"
349,val,5.203921688842773,0.00040252881422638893,2.1044497955322266,"tensor(99.6000, device='cuda:0', dtype=torch.float64)"
350,train,6.586875939132691,0.0005682512538284063,2.2113412847671507,"tensor(99.6082, device='cuda:0', dtype=torch.float64)"
350,val,5.565565664672851,0.0004164064645767212,2.359235876464844,"tensor(99.5400, device='cuda:0', dtype=torch.float64)"
351,train,6.634148846862793,0.0005717825272753835,2.2314233868637086,"tensor(99.6048, device='cuda:0', dtype=torch.float64)"
351,val,4.912374984741211,0.0003894418174400926,1.913672999572754,"tensor(99.6200, device='cuda:0', dtype=torch.float64)"
352,train,6.611405493865967,0.0005712221184084192,2.2129951822738647,"tensor(99.6055, device='cuda:0', dtype=torch.float64)"
352,val,4.7069765655517575,0.00037307903952896594,1.8342679138183593,"tensor(99.6200, device='cuda:0', dtype=torch.float64)"
353,train,6.554128918151855,0.0005661818116297945,2.194528967681885,"tensor(99.6169, device='cuda:0', dtype=torch.float64)"
353,val,5.679112463378906,0.0004602094542235136,2.1354997024536133,"tensor(99.5000, device='cuda:0', dtype=torch.float64)"
354,train,6.566945806091309,0.0005676056225709617,2.19638251083374,"tensor(99.6123, device='cuda:0', dtype=torch.float64)"
354,val,4.730252847290039,0.00038980898577719924,1.7287237075805664,"tensor(99.6400, device='cuda:0', dtype=torch.float64)"
355,train,6.585918214782715,0.0005670031647672877,2.219993846229553,"tensor(99.6172, device='cuda:0', dtype=torch.float64)"
355,val,5.306191360473632,0.00041872719209641216,2.0819920013427735,"tensor(99.5200, device='cuda:0', dtype=torch.float64)"
356,train,6.629608533538819,0.0005685201193541289,2.2520036132888794,"tensor(99.6079, device='cuda:0', dtype=torch.float64)"
356,val,5.340034106445312,0.00044738414641469715,1.8951761901855468,"tensor(99.5200, device='cuda:0', dtype=torch.float64)"
357,train,6.57584946925354,0.0005668978697014973,2.2107358731307984,"tensor(99.6126, device='cuda:0', dtype=torch.float64)"
357,val,6.574458029174805,0.0004980427177622914,2.7395290786743165,"tensor(99.4600, device='cuda:0', dtype=torch.float64)"
358,train,6.617626744155884,0.000569326394953765,2.2338135005111694,"tensor(99.6054, device='cuda:0', dtype=torch.float64)"
358,val,4.697268234252929,0.0003516899403184652,1.9892557220458984,"tensor(99.6400, device='cuda:0', dtype=torch.float64)"
359,train,63.9740509216919,0.007297522461853921,7.783127945510865,"tensor(90.8141, device='cuda:0', dtype=torch.float64)"
359,val,53.786366577148435,0.006222472230345011,5.873330361938477,"tensor(91.6600, device='cuda:0', dtype=torch.float64)"
360,train,61.60744333660889,0.007223784834943712,5.984300109558106,"tensor(90.8880, device='cuda:0', dtype=torch.float64)"
360,val,55.873107763671875,0.006584278759360313,5.1741611114501955,"tensor(91.2000, device='cuda:0', dtype=torch.float64)"
361,train,60.478751907409666,0.0071323654583022,5.5595378962860105,"tensor(91.0140, device='cuda:0', dtype=torch.float64)"
361,val,54.42078878173828,0.006333465118706226,5.653107553100586,"tensor(91.6800, device='cuda:0', dtype=torch.float64)"
362,train,59.67332857928467,0.007063653989188373,5.2831928566589355,"tensor(91.0901, device='cuda:0', dtype=torch.float64)"
362,val,51.17653408203125,0.0060077178552746776,4.917106625366211,"tensor(92.0800, device='cuda:0', dtype=torch.float64)"
363,train,59.15484695013428,0.00701219571121037,5.160940005645752,"tensor(91.1621, device='cuda:0', dtype=torch.float64)"
363,val,50.28521396484375,0.005944280748069287,4.514251858520508,"tensor(92.1400, device='cuda:0', dtype=torch.float64)"
364,train,58.543641613403324,0.00695878285420686,4.9610136589202884,"tensor(91.2279, device='cuda:0', dtype=torch.float64)"
364,val,52.04159228515625,0.006208979627490043,4.232449221801758,"tensor(91.9800, device='cuda:0', dtype=torch.float64)"
365,train,58.07044510632324,0.0069108728029839694,4.856724534317016,"tensor(91.3016, device='cuda:0', dtype=torch.float64)"
365,val,51.14272625732422,0.006016609859466553,4.814830392456055,"tensor(92., device='cuda:0', dtype=torch.float64)"
366,train,57.61835799786377,0.006860898832816631,4.789437001113892,"tensor(91.3429, device='cuda:0', dtype=torch.float64)"
366,val,47.43409438476562,0.005602076895534993,4.298102459716797,"tensor(92.7600, device='cuda:0', dtype=torch.float64)"
367,train,57.2043095010376,0.006815999671194703,4.721112035797119,"tensor(91.4095, device='cuda:0', dtype=torch.float64)"
367,val,46.793683422851565,0.005529781231284141,4.214367828369141,"tensor(92.8200, device='cuda:0', dtype=torch.float64)"
368,train,56.73149027734375,0.006763838944710791,4.649930422348023,"tensor(91.4698, device='cuda:0', dtype=torch.float64)"
368,val,50.30101140136719,0.005985580843687058,4.212039050292969,"tensor(91.9000, device='cuda:0', dtype=torch.float64)"
369,train,56.517892102661136,0.006740438103806227,4.616518719207764,"tensor(91.5077, device='cuda:0', dtype=torch.float64)"
369,val,49.11230830078125,0.0058496576428413395,4.069944290161133,"tensor(92.2800, device='cuda:0', dtype=torch.float64)"
370,train,55.83705185455322,0.006662045744795352,4.539299628967285,"tensor(91.6063, device='cuda:0', dtype=torch.float64)"
370,val,51.698931323242185,0.0061353156194090845,4.457001181030273,"tensor(92., device='cuda:0', dtype=torch.float64)"
371,train,55.83762910449219,0.0066694869660511615,4.482579465744019,"tensor(91.6001, device='cuda:0', dtype=torch.float64)"
371,val,46.58323024902344,0.005501388474553824,4.2225386322021485,"tensor(92.8000, device='cuda:0', dtype=torch.float64)"
372,train,55.2623044920044,0.0065956884300448,4.475503575592041,"tensor(91.7169, device='cuda:0', dtype=torch.float64)"
372,val,47.9284140625,0.005697534543275833,4.0573978546142575,"tensor(92.6200, device='cuda:0', dtype=torch.float64)"
373,train,55.038018629882814,0.0065727672005258505,4.427711197814942,"tensor(91.7229, device='cuda:0', dtype=torch.float64)"
373,val,49.85784787597656,0.005900417360663414,4.424634194946289,"tensor(92.1800, device='cuda:0', dtype=torch.float64)"
374,train,54.81863549865723,0.006547178501166403,4.4053610239105225,"tensor(91.7596, device='cuda:0', dtype=torch.float64)"
374,val,49.4234845703125,0.005862282235920429,4.283911459350586,"tensor(92.2600, device='cuda:0', dtype=torch.float64)"
375,train,54.388000675109865,0.006494015395920724,4.384082112915039,"tensor(91.8466, device='cuda:0', dtype=torch.float64)"
375,val,47.8339900024414,0.0056827401533722875,4.0768906677246095,"tensor(92.7000, device='cuda:0', dtype=torch.float64)"
376,train,54.059616644104004,0.0064543781767077745,4.3609046800994875,"tensor(91.8829, device='cuda:0', dtype=torch.float64)"
376,val,45.52286921386719,0.005368643650412559,4.184313037109375,"tensor(92.8200, device='cuda:0', dtype=torch.float64)"
377,train,53.748387266540526,0.006420317985523492,4.311938776794434,"tensor(91.9436, device='cuda:0', dtype=torch.float64)"
377,val,47.666003784179686,0.005689658230543137,3.855635382080078,"tensor(92.3800, device='cuda:0', dtype=torch.float64)"
378,train,53.70223219934082,0.006413122660133988,4.3211877165679935,"tensor(91.9327, device='cuda:0', dtype=torch.float64)"
378,val,46.027885180664065,0.005461010791361332,3.978102325439453,"tensor(92.7600, device='cuda:0', dtype=torch.float64)"
379,train,53.29676425616455,0.006362504521101714,4.3054794447937015,"tensor(91.9968, device='cuda:0', dtype=torch.float64)"
379,val,45.68006553955078,0.005410286206007003,4.020861682128906,"tensor(92.9600, device='cuda:0', dtype=torch.float64)"
380,train,52.7204959463501,0.006292825870431959,4.265736755371094,"tensor(92.0949, device='cuda:0', dtype=torch.float64)"
380,val,46.46370048828125,0.005499091455340385,4.120696475219726,"tensor(92.8800, device='cuda:0', dtype=torch.float64)"
381,train,53.04792260162353,0.006337559058628976,4.248717840408325,"tensor(92.0314, device='cuda:0', dtype=torch.float64)"
381,val,43.899917614746094,0.005179342749714852,4.01897894897461,"tensor(93.2400, device='cuda:0', dtype=torch.float64)"
382,train,52.66504331115723,0.00629057238451764,4.227635997833252,"tensor(92.1011, device='cuda:0', dtype=torch.float64)"
382,val,46.210932092285155,0.005504247578978538,3.828225894165039,"tensor(92.8800, device='cuda:0', dtype=torch.float64)"
383,train,52.54103113720703,0.006275684696424752,4.218258970367431,"tensor(92.1100, device='cuda:0', dtype=torch.float64)"
383,val,44.496073168945316,0.005277550491690636,3.8589340423583987,"tensor(93.1200, device='cuda:0', dtype=torch.float64)"
384,train,51.960457451049805,0.006201674105595798,4.207566849502563,"tensor(92.2109, device='cuda:0', dtype=torch.float64)"
384,val,43.104653942871096,0.005097621664404869,3.8529667236328127,"tensor(93.2800, device='cuda:0', dtype=torch.float64)"
385,train,52.21071010601807,0.00623430146831274,4.206588799514771,"tensor(92.1737, device='cuda:0', dtype=torch.float64)"
385,val,46.10384552001953,0.005465240940451622,4.021490139770508,"tensor(92.7200, device='cuda:0', dtype=torch.float64)"
386,train,51.77613000952149,0.006179383196443319,4.194879425262451,"tensor(92.2228, device='cuda:0', dtype=torch.float64)"
386,val,47.82957275390625,0.005701249089092016,3.9299546295166015,"tensor(92.5000, device='cuda:0', dtype=torch.float64)"
387,train,51.475870448791504,0.0061442716930769385,4.164978425765991,"tensor(92.2763, device='cuda:0', dtype=torch.float64)"
387,val,47.71052290039062,0.005670021039247513,4.051360949707031,"tensor(92.5200, device='cuda:0', dtype=torch.float64)"
388,train,51.06509651446533,0.006090688018023968,4.166798789169311,"tensor(92.3454, device='cuda:0', dtype=torch.float64)"
388,val,39.05919017333984,0.004563062098622322,3.923611978149414,"tensor(94.0200, device='cuda:0', dtype=torch.float64)"
389,train,51.0688329309082,0.0060942046214975416,4.14345732749939,"tensor(92.3523, device='cuda:0', dtype=torch.float64)"
389,val,44.954876135253905,0.005324767948687076,3.9541629577636717,"tensor(93.0200, device='cuda:0', dtype=torch.float64)"
390,train,50.927673999145505,0.006075550277069211,4.145936867492676,"tensor(92.3692, device='cuda:0', dtype=torch.float64)"
390,val,44.30469005126953,0.005251260004937649,3.869987710571289,"tensor(93.0200, device='cuda:0', dtype=torch.float64)"
391,train,50.77177951806641,0.006056623879544437,4.1357756370849605,"tensor(92.3931, device='cuda:0', dtype=torch.float64)"
391,val,43.6845705078125,0.00517418744713068,3.843327359008789,"tensor(93.1400, device='cuda:0', dtype=torch.float64)"
392,train,50.71906998791504,0.00605253897254169,4.114519922470093,"tensor(92.3972, device='cuda:0', dtype=torch.float64)"
392,val,46.63287042236328,0.0055666373267769815,3.769763333129883,"tensor(92.7600, device='cuda:0', dtype=torch.float64)"
393,train,50.06319197644043,0.005966528116993606,4.120925504119873,"tensor(92.5292, device='cuda:0', dtype=torch.float64)"
393,val,47.29971069335937,0.005623257626593113,4.000627139282226,"tensor(92.4000, device='cuda:0', dtype=torch.float64)"
394,train,50.27535780151367,0.0059961188733503226,4.105242490463257,"tensor(92.4554, device='cuda:0', dtype=torch.float64)"
394,val,42.99319490966797,0.005078684243559837,3.8873261474609375,"tensor(93.3400, device='cuda:0', dtype=torch.float64)"
395,train,49.94058929333496,0.005952377856560051,4.107279795227051,"tensor(92.5242, device='cuda:0', dtype=torch.float64)"
395,val,44.04396086425781,0.005221855026483536,3.835677035522461,"tensor(93.0200, device='cuda:0', dtype=torch.float64)"
396,train,49.94483263848877,0.005955641248565167,4.086395030319214,"tensor(92.5211, device='cuda:0', dtype=torch.float64)"
396,val,43.62456960449219,0.005163844464719296,3.8629672302246094,"tensor(93.3000, device='cuda:0', dtype=torch.float64)"
397,train,48.83873428918457,0.005812813329815865,4.080071655761719,"tensor(92.6837, device='cuda:0', dtype=torch.float64)"
397,val,45.4473630859375,0.005393758182227612,3.9154250213623047,"tensor(92.8400, device='cuda:0', dtype=torch.float64)"
398,train,48.40214340887451,0.0057573024401851,4.070914621704102,"tensor(92.7629, device='cuda:0', dtype=torch.float64)"
398,val,40.02310958251953,0.004712362540513277,3.737918051147461,"tensor(93.7800, device='cuda:0', dtype=torch.float64)"
399,train,48.244399771331786,0.005737285743795335,4.067299548797608,"tensor(92.7786, device='cuda:0', dtype=torch.float64)"
399,val,40.41240733642578,0.004768745490908622,3.6930671020507813,"tensor(93.6800, device='cuda:0', dtype=torch.float64)"
400,train,48.134386087158205,0.005723248883917928,4.065369669830322,"tensor(92.7883, device='cuda:0', dtype=torch.float64)"
400,val,39.822669323730466,0.004689511704817414,3.7134291076660157,"tensor(93.8800, device='cuda:0', dtype=torch.float64)"
401,train,47.98330975012207,0.005704461294561624,4.058957825271606,"tensor(92.8230, device='cuda:0', dtype=torch.float64)"
401,val,42.03822495117188,0.004974941225349903,3.731177557373047,"tensor(93.5400, device='cuda:0', dtype=torch.float64)"
402,train,48.02543910372925,0.005708765082266182,4.0679479695129395,"tensor(92.8112, device='cuda:0', dtype=torch.float64)"
402,val,42.78610212402344,0.005076904031634331,3.693940881347656,"tensor(93.2400, device='cuda:0', dtype=torch.float64)"
403,train,47.5195890088501,0.00564568600654602,4.0478067747497555,"tensor(92.9082, device='cuda:0', dtype=torch.float64)"
403,val,43.69172436523438,0.0051839252978563306,3.7754998443603514,"tensor(93.2800, device='cuda:0', dtype=torch.float64)"
404,train,47.810636158752445,0.005683399761389941,4.048458003417969,"tensor(92.8498, device='cuda:0', dtype=torch.float64)"
404,val,40.31528521728516,0.004735148197412491,3.854644140625,"tensor(93.6400, device='cuda:0', dtype=torch.float64)"
405,train,47.34946225518799,0.005624544360276312,4.04047066809082,"tensor(92.9097, device='cuda:0', dtype=torch.float64)"
405,val,38.811642456054685,0.004553899666666985,3.7466150482177736,"tensor(94.1600, device='cuda:0', dtype=torch.float64)"
406,train,47.26856730795288,0.005612861871153116,4.049530907165527,"tensor(92.9350, device='cuda:0', dtype=torch.float64)"
406,val,41.06141408691406,0.004823635284602642,3.919422232055664,"tensor(93.7000, device='cuda:0', dtype=torch.float64)"
407,train,46.958447951812744,0.005573532094053924,4.042250817459107,"tensor(92.9797, device='cuda:0', dtype=torch.float64)"
407,val,41.629898376464844,0.004909780855476856,3.8245858337402345,"tensor(93.4800, device='cuda:0', dtype=torch.float64)"
408,train,46.9411806416626,0.005571617057263851,4.039729299972534,"tensor(92.9909, device='cuda:0', dtype=torch.float64)"
408,val,39.37108293457031,0.004624183793365955,3.764867578125,"tensor(93.8600, device='cuda:0', dtype=torch.float64)"
409,train,47.10926638217163,0.005591055012486875,4.058142775543213,"tensor(92.9616, device='cuda:0', dtype=torch.float64)"
409,val,39.596882153320315,0.004660586716234684,3.7103642974853517,"tensor(93.9000, device='cuda:0', dtype=torch.float64)"
410,train,46.849660098999024,0.005559760400880128,4.039505015014648,"tensor(93.0076, device='cuda:0', dtype=torch.float64)"
410,val,42.165150170898436,0.004972906661033631,3.8737692291259767,"tensor(93.3200, device='cuda:0', dtype=torch.float64)"
411,train,46.81686527618408,0.005555530479121953,4.039280577346802,"tensor(93.0107, device='cuda:0', dtype=torch.float64)"
411,val,38.68200234375,0.004521094620972872,3.8695738830566406,"tensor(94.1400, device='cuda:0', dtype=torch.float64)"
412,train,46.97440319396973,0.005576062031608075,4.038725528900146,"tensor(92.9774, device='cuda:0', dtype=torch.float64)"
412,val,41.42632087402344,0.004891672469675541,3.7604426971435547,"tensor(93.5400, device='cuda:0', dtype=torch.float64)"
413,train,46.763185872833255,0.005547063684038818,4.050795517242432,"tensor(93.0171, device='cuda:0', dtype=torch.float64)"
413,val,40.50327000732422,0.004772624780237674,3.754058972167969,"tensor(93.9400, device='cuda:0', dtype=torch.float64)"
414,train,46.816567230804445,0.005556107760000974,4.034537495376587,"tensor(92.9975, device='cuda:0', dtype=torch.float64)"
414,val,42.390417041015624,0.00500971627086401,3.8156020629882814,"tensor(93.3600, device='cuda:0', dtype=torch.float64)"
415,train,46.6653878526001,0.005536106394633651,4.037368611816406,"tensor(93.0188, device='cuda:0', dtype=torch.float64)"
415,val,38.8139130859375,0.0045459887094795705,3.8098001037597657,"tensor(93.8800, device='cuda:0', dtype=torch.float64)"
416,train,46.75120966125488,0.0055486384960226716,4.026693232376099,"tensor(93.0083, device='cuda:0', dtype=torch.float64)"
416,val,39.581480236816404,0.004651132382452488,3.7677606689453125,"tensor(93.8400, device='cuda:0', dtype=torch.float64)"
417,train,46.501968991516115,0.005516502332307398,4.024901024398804,"tensor(93.0485, device='cuda:0', dtype=torch.float64)"
417,val,37.45686257324219,0.004383142990618944,3.706661480712891,"tensor(94.4400, device='cuda:0', dtype=torch.float64)"
418,train,46.47718941842651,0.005513865033194423,4.020428651306152,"tensor(93.0657, device='cuda:0', dtype=torch.float64)"
418,val,38.828137622070315,0.004556493844091892,3.743135235595703,"tensor(93.8400, device='cuda:0', dtype=torch.float64)"
419,train,46.246649321258545,0.005482636079061776,4.03035149508667,"tensor(93.1071, device='cuda:0', dtype=torch.float64)"
419,val,38.56827622680664,0.004509755901619792,3.8431557434082033,"tensor(94.1200, device='cuda:0', dtype=torch.float64)"
420,train,46.357295883911135,0.0054982041442506015,4.021123974365234,"tensor(93.0780, device='cuda:0', dtype=torch.float64)"
420,val,39.60179010009766,0.004641937296837568,3.8588727752685545,"tensor(93.8800, device='cuda:0', dtype=torch.float64)"
421,train,46.44453592947388,0.0055087369059324265,4.027261754348755,"tensor(93.0624, device='cuda:0', dtype=torch.float64)"
421,val,39.3363063293457,0.004624807230383158,3.7252904602050783,"tensor(93.8800, device='cuda:0', dtype=torch.float64)"
422,train,46.66055227496338,0.005536186332527548,4.031917523986817,"tensor(93.0197, device='cuda:0', dtype=torch.float64)"
422,val,41.04077530517578,0.004834727970510721,3.8133699279785156,"tensor(93.5200, device='cuda:0', dtype=torch.float64)"
423,train,46.342636667816166,0.005495778372954578,4.02514319934082,"tensor(93.0898, device='cuda:0', dtype=torch.float64)"
423,val,40.06473854980469,0.004715681938827038,3.7539877685546874,"tensor(93.7800, device='cuda:0', dtype=torch.float64)"
424,train,46.52275973687744,0.0055195368115082384,4.0223262900543215,"tensor(93.0387, device='cuda:0', dtype=torch.float64)"
424,val,40.14026900634766,0.004731570951640606,3.7071728393554686,"tensor(93.6800, device='cuda:0', dtype=torch.float64)"
425,train,46.26136197595215,0.005485992596048862,4.019218988296509,"tensor(93.0845, device='cuda:0', dtype=torch.float64)"
425,val,37.72282583007812,0.004424383204430342,3.6550752838134764,"tensor(94.2000, device='cuda:0', dtype=torch.float64)"
426,train,46.18615394500733,0.00547640963371098,4.017799752868652,"tensor(93.0827, device='cuda:0', dtype=torch.float64)"
426,val,39.53458682861328,0.004646765102446079,3.75449573059082,"tensor(93.9600, device='cuda:0', dtype=torch.float64)"
427,train,46.22978103604126,0.0054815751854293045,4.021652090637207,"tensor(93.0868, device='cuda:0', dtype=torch.float64)"
427,val,40.570374682617185,0.004766036553680897,3.871893167114258,"tensor(93.6800, device='cuda:0', dtype=torch.float64)"
428,train,45.9425393765564,0.0054460748320817945,4.007763184188843,"tensor(93.1350, device='cuda:0', dtype=torch.float64)"
428,val,39.320690319824216,0.004627116819471121,3.6918908203125,"tensor(93.9600, device='cuda:0', dtype=torch.float64)"
429,train,46.09643216827393,0.0054652023984640835,4.014373722106933,"tensor(93.1069, device='cuda:0', dtype=torch.float64)"
429,val,40.26289609375,0.004734154111891985,3.8099095977783204,"tensor(93.7400, device='cuda:0', dtype=torch.float64)"
430,train,46.17992826525879,0.005476598674211651,4.010118495864869,"tensor(93.0952, device='cuda:0', dtype=torch.float64)"
430,val,40.282876470947265,0.0047387281715869905,3.7946693908691405,"tensor(93.7600, device='cuda:0', dtype=torch.float64)"
431,train,45.934687436309815,0.005444502526916564,4.012017975448608,"tensor(93.1449, device='cuda:0', dtype=torch.float64)"
431,val,38.01884463500976,0.00446297644302249,3.6539258636474607,"tensor(94.1400, device='cuda:0', dtype=torch.float64)"
432,train,45.7572111194458,0.005421532794814557,4.011408595520019,"tensor(93.1812, device='cuda:0', dtype=torch.float64)"
432,val,37.28167735595703,0.004364356842637062,3.6761296539306643,"tensor(94.4000, device='cuda:0', dtype=torch.float64)"
433,train,45.747923182464596,0.005421490051690489,4.002449764556885,"tensor(93.1699, device='cuda:0', dtype=torch.float64)"
433,val,37.72264541015625,0.00442109898775816,3.680183190917969,"tensor(94.2200, device='cuda:0', dtype=torch.float64)"
434,train,46.13356764886475,0.00546948277040571,4.018550312072754,"tensor(93.1079, device='cuda:0', dtype=torch.float64)"
434,val,39.096724975585936,0.004592864970862865,3.731664538574219,"tensor(94.0600, device='cuda:0', dtype=torch.float64)"
435,train,46.18108570727539,0.005475659045089037,4.0185110527038574,"tensor(93.0962, device='cuda:0', dtype=torch.float64)"
435,val,39.25940161132812,0.004607817412912846,3.779207711791992,"tensor(93.9400, device='cuda:0', dtype=torch.float64)"
436,train,46.016639710662844,0.005454026733107865,4.0206338561706545,"tensor(93.1161, device='cuda:0', dtype=torch.float64)"
436,val,39.55998892822266,0.004640537801384926,3.8278481323242186,"tensor(93.9400, device='cuda:0', dtype=torch.float64)"
437,train,45.90355394873047,0.00543972616077587,4.01766250894165,"tensor(93.1295, device='cuda:0', dtype=torch.float64)"
437,val,42.651151379394534,0.005056420655548573,3.716712484741211,"tensor(93.2800, device='cuda:0', dtype=torch.float64)"
438,train,45.358265997039794,0.0053705117239542305,4.005325717636109,"tensor(93.2486, device='cuda:0', dtype=torch.float64)"
438,val,37.252807592773436,0.0043692021302878855,3.6099513275146484,"tensor(94.2200, device='cuda:0', dtype=torch.float64)"
439,train,45.875984940979,0.005436475959625095,4.015120064163208,"tensor(93.1516, device='cuda:0', dtype=torch.float64)"
439,val,38.33163380126953,0.00449655134677887,3.7081882690429686,"tensor(94.1200, device='cuda:0', dtype=torch.float64)"
440,train,46.18463007034302,0.005475678765811026,4.021903561965942,"tensor(93.0990, device='cuda:0', dtype=torch.float64)"
440,val,40.937102673339844,0.004829353251308202,3.7510826751708986,"tensor(93.4600, device='cuda:0', dtype=torch.float64)"
441,train,45.7190983956604,0.005417557170208543,4.003908163223267,"tensor(93.1726, device='cuda:0', dtype=torch.float64)"
441,val,39.46209381103515,0.004639365444332361,3.7389798889160155,"tensor(93.8600, device='cuda:0', dtype=torch.float64)"
442,train,45.864927257781986,0.005435730358567089,4.009803533660889,"tensor(93.1527, device='cuda:0', dtype=torch.float64)"
442,val,39.90458568115234,0.004696996591240167,3.7377119018554685,"tensor(93.7800, device='cuda:0', dtype=torch.float64)"
443,train,45.763063804992676,0.0054232962141744796,4.003682948501587,"tensor(93.1659, device='cuda:0', dtype=torch.float64)"
443,val,41.74536114501953,0.004926707149296999,3.809716015625,"tensor(93.4800, device='cuda:0', dtype=torch.float64)"
444,train,46.02070571032715,0.005454859735388309,4.018285756866455,"tensor(93.1211, device='cuda:0', dtype=torch.float64)"
444,val,41.08357655029297,0.00486531855687499,3.6206238250732423,"tensor(93.5800, device='cuda:0', dtype=torch.float64)"
445,train,45.84086304473877,0.0054325144663080575,4.010501651306153,"tensor(93.1549, device='cuda:0', dtype=torch.float64)"
445,val,40.21978544921875,0.004737122789025307,3.743939984130859,"tensor(93.8200, device='cuda:0', dtype=torch.float64)"
446,train,45.665045399658204,0.005409888365101069,4.0089050060882565,"tensor(93.1886, device='cuda:0', dtype=torch.float64)"
446,val,41.58558519287109,0.004878022873774171,4.024808837890625,"tensor(93.4800, device='cuda:0', dtype=torch.float64)"
447,train,45.529291065338136,0.005392810802746564,4.004647870559692,"tensor(93.2002, device='cuda:0', dtype=torch.float64)"
447,val,38.74583195800781,0.004550522120296955,3.706811557006836,"tensor(94., device='cuda:0', dtype=torch.float64)"
448,train,45.772437809814456,0.005424401234276593,4.004548297729492,"tensor(93.1546, device='cuda:0', dtype=torch.float64)"
448,val,38.90141005859375,0.004563104638457298,3.765504409790039,"tensor(93.9400, device='cuda:0', dtype=torch.float64)"
449,train,45.49944282009888,0.005389517979122699,4.0001543633117675,"tensor(93.2160, device='cuda:0', dtype=torch.float64)"
449,val,40.531589819335935,0.004769073396921158,3.8097244232177734,"tensor(93.6600, device='cuda:0', dtype=torch.float64)"
450,train,45.53554613934326,0.005394046983730048,4.001384382354736,"tensor(93.2019, device='cuda:0', dtype=torch.float64)"
450,val,40.39208446044922,0.0047539999350905415,3.78628515625,"tensor(93.7800, device='cuda:0', dtype=torch.float64)"
451,train,45.84996780908203,0.005432936839960515,4.016354144729614,"tensor(93.1574, device='cuda:0', dtype=torch.float64)"
451,val,40.660366625976565,0.004798548395931721,3.7115440002441407,"tensor(93.7400, device='cuda:0', dtype=torch.float64)"
452,train,45.645769475463865,0.0054065151919946075,4.015602505599976,"tensor(93.1840, device='cuda:0', dtype=torch.float64)"
452,val,36.721550274658206,0.004298166496306658,3.6256680084228514,"tensor(94.4200, device='cuda:0', dtype=torch.float64)"
453,train,45.8111446713562,0.00542883335442096,4.009127841842651,"tensor(93.1424, device='cuda:0', dtype=torch.float64)"
453,val,41.35915086669922,0.004886191945523023,3.735472796630859,"tensor(93.4800, device='cuda:0', dtype=torch.float64)"
454,train,45.62711774746704,0.005404023130718618,4.016139629806519,"tensor(93.1956, device='cuda:0', dtype=torch.float64)"
454,val,38.39674660644531,0.004502440786361694,3.727952621459961,"tensor(94.0400, device='cuda:0', dtype=torch.float64)"
455,train,45.795827095428464,0.005427666287794709,4.002796655410767,"tensor(93.1588, device='cuda:0', dtype=torch.float64)"
455,val,38.91561033935547,0.004538271363079548,3.970920864868164,"tensor(93.8800, device='cuda:0', dtype=torch.float64)"
456,train,45.690597955810546,0.00541397825858742,4.002965355178833,"tensor(93.1874, device='cuda:0', dtype=torch.float64)"
456,val,38.073997729492184,0.004467772567272186,3.672148822021484,"tensor(94.2800, device='cuda:0', dtype=torch.float64)"
457,train,45.95062283657837,0.00544605978487432,4.015962532150269,"tensor(93.1274, device='cuda:0', dtype=torch.float64)"
457,val,38.1768890625,0.004477905674278736,3.6970152099609375,"tensor(94.1400, device='cuda:0', dtype=torch.float64)"
458,train,45.730296930023194,0.005418335548400879,4.009113233352661,"tensor(93.1631, device='cuda:0', dtype=torch.float64)"
458,val,39.38477578125,0.004632217590510845,3.716700445556641,"tensor(93.9600, device='cuda:0', dtype=torch.float64)"
459,train,45.547007190063475,0.0053951429677084085,4.004406352630615,"tensor(93.2059, device='cuda:0', dtype=torch.float64)"
459,val,38.125440979003905,0.004475945518910885,3.660660678100586,"tensor(94.2400, device='cuda:0', dtype=torch.float64)"
460,train,45.57779200750733,0.005400058835621923,3.99733898727417,"tensor(93.1946, device='cuda:0', dtype=torch.float64)"
460,val,39.047381329345704,0.00456634059920907,3.886558605957031,"tensor(93.9000, device='cuda:0', dtype=torch.float64)"
461,train,45.629855035461425,0.005404883398070931,4.012252862319946,"tensor(93.1837, device='cuda:0', dtype=torch.float64)"
461,val,37.537414099121094,0.004405886870622635,3.6120851501464846,"tensor(94.2600, device='cuda:0', dtype=torch.float64)"
462,train,45.66168545770264,0.00540968983919546,4.007073713287354,"tensor(93.1804, device='cuda:0', dtype=torch.float64)"
462,val,36.99409053955078,0.00431154817417264,3.795169705200195,"tensor(94.4000, device='cuda:0', dtype=torch.float64)"
463,train,45.73205349597168,0.005418524471729994,4.009415057525635,"tensor(93.1544, device='cuda:0', dtype=torch.float64)"
463,val,37.43873347167969,0.00437134543992579,3.779373306274414,"tensor(94.2800, device='cuda:0', dtype=torch.float64)"
464,train,45.751090581115726,0.005422311015237123,3.999295749725342,"tensor(93.1505, device='cuda:0', dtype=torch.float64)"
464,val,38.888576953125,0.0045654420077800755,3.7346733642578127,"tensor(93.9200, device='cuda:0', dtype=torch.float64)"
465,train,45.724207974243164,0.0054183772505074735,4.002703152694703,"tensor(93.1560, device='cuda:0', dtype=torch.float64)"
465,val,40.00595321044922,0.004691846782714128,3.878732989501953,"tensor(93.8000, device='cuda:0', dtype=torch.float64)"
466,train,45.52158091381836,0.005391449307885021,4.007421253692627,"tensor(93.2075, device='cuda:0', dtype=torch.float64)"
466,val,37.96065145263672,0.00444715335816145,3.7175705810546873,"tensor(94.1200, device='cuda:0', dtype=torch.float64)"
467,train,45.54927584286499,0.0053958458409793675,4.001262894241333,"tensor(93.1949, device='cuda:0', dtype=torch.float64)"
467,val,37.3967650756836,0.0043829553656280044,3.6480090087890624,"tensor(94.0600, device='cuda:0', dtype=torch.float64)"
468,train,45.54787547045898,0.005395921187587083,3.999282315414429,"tensor(93.2173, device='cuda:0', dtype=torch.float64)"
468,val,38.224153381347655,0.004485174493491649,3.6883097534179687,"tensor(94.0800, device='cuda:0', dtype=torch.float64)"
469,train,45.636135162872314,0.005407723606985063,3.9966634038696287,"tensor(93.1834, device='cuda:0', dtype=torch.float64)"
469,val,37.121666491699216,0.004330256961286068,3.778688052368164,"tensor(94.3400, device='cuda:0', dtype=torch.float64)"
470,train,45.58241413653565,0.005399215301431715,4.008456323165894,"tensor(93.1994, device='cuda:0', dtype=torch.float64)"
470,val,37.826702966308595,0.004429265220463276,3.7213608795166015,"tensor(94.1800, device='cuda:0', dtype=torch.float64)"
471,train,45.43398015582275,0.005381775297034532,3.994310370513916,"tensor(93.2257, device='cuda:0', dtype=torch.float64)"
471,val,40.21006827392578,0.004735139971971512,3.7494904663085937,"tensor(93.8200, device='cuda:0', dtype=torch.float64)"
472,train,45.458829279510496,0.0053838846220597624,4.002917692199707,"tensor(93.2228, device='cuda:0', dtype=torch.float64)"
472,val,39.331110498046876,0.004620463932678103,3.7535379180908204,"tensor(94., device='cuda:0', dtype=torch.float64)"
473,train,45.56498472470093,0.0053983222384937106,3.9979034818573,"tensor(93.1941, device='cuda:0', dtype=torch.float64)"
473,val,38.91772305908203,0.0045720003202557565,3.713320465087891,"tensor(93.9600, device='cuda:0', dtype=torch.float64)"
474,train,45.42441721511841,0.005379596330042928,4.001525469955444,"tensor(93.2449, device='cuda:0', dtype=torch.float64)"
474,val,39.688218505859375,0.004673273552954197,3.704012142944336,"tensor(93.8000, device='cuda:0', dtype=torch.float64)"
475,train,45.57642824749756,0.0053981489019989965,4.010681714691162,"tensor(93.1831, device='cuda:0', dtype=torch.float64)"
475,val,40.02801537475586,0.004703985626995564,3.8073261291503906,"tensor(93.7200, device='cuda:0', dtype=torch.float64)"
476,train,45.41691743295288,0.005377408072881401,4.010875247283936,"tensor(93.2252, device='cuda:0', dtype=torch.float64)"
476,val,39.0809932800293,0.0045860579933971165,3.7683465270996095,"tensor(93.8800, device='cuda:0', dtype=torch.float64)"
477,train,45.52954360314941,0.005392691272296011,4.005820835266113,"tensor(93.2005, device='cuda:0', dtype=torch.float64)"
477,val,39.67238668212891,0.004672753077745438,3.6921879638671875,"tensor(93.8200, device='cuda:0', dtype=torch.float64)"
478,train,45.50216792080688,0.005389249471314251,4.004946967605591,"tensor(93.1993, device='cuda:0', dtype=torch.float64)"
478,val,39.129670373535156,0.0046093293588608504,3.6378340057373046,"tensor(93.8800, device='cuda:0', dtype=torch.float64)"
479,train,45.455359966156,0.005383089388355613,4.005571697662353,"tensor(93.2224, device='cuda:0', dtype=torch.float64)"
479,val,40.288276953125,0.004738000674545765,3.805671646118164,"tensor(93.7200, device='cuda:0', dtype=torch.float64)"
480,train,45.53286551544189,0.005393984465830028,3.9991851044464113,"tensor(93.2035, device='cuda:0', dtype=torch.float64)"
480,val,37.563680505371096,0.0044021631415933375,3.667024526977539,"tensor(94.2800, device='cuda:0', dtype=torch.float64)"
481,train,45.729899725463866,0.0054186717966906725,4.0061268837890625,"tensor(93.1614, device='cuda:0', dtype=torch.float64)"
481,val,39.139100146484374,0.004594648060947656,3.760310235595703,"tensor(93.8800, device='cuda:0', dtype=torch.float64)"
482,train,45.496191046875,0.005388573184188455,4.004177519607544,"tensor(93.2049, device='cuda:0', dtype=torch.float64)"
482,val,42.524118359375,0.005022599032521248,3.8501056579589843,"tensor(93.3000, device='cuda:0', dtype=torch.float64)"
483,train,45.50530724816895,0.005389990940924734,4.002377007461548,"tensor(93.1982, device='cuda:0', dtype=torch.float64)"
483,val,40.18910725097656,0.004731413941085338,3.7572196716308595,"tensor(93.7800, device='cuda:0', dtype=torch.float64)"
484,train,45.599417581085206,0.0054007025270871815,4.01400811416626,"tensor(93.1950, device='cuda:0', dtype=torch.float64)"
484,val,43.443236865234375,0.005151296469569206,3.7782541229248046,"tensor(93.1000, device='cuda:0', dtype=torch.float64)"
485,train,45.34239119607544,0.005369697504963726,3.995720403503418,"tensor(93.2315, device='cuda:0', dtype=torch.float64)"
485,val,37.63677081298828,0.004397062872350216,3.779386715698242,"tensor(94.3000, device='cuda:0', dtype=torch.float64)"
486,train,45.29595731387329,0.00536278201488778,4.002535775100708,"tensor(93.2347, device='cuda:0', dtype=torch.float64)"
486,val,40.15010194091797,0.004729724886640906,3.731220202636719,"tensor(93.6400, device='cuda:0', dtype=torch.float64)"
487,train,45.41423844558716,0.005379436776380986,3.9925752746429444,"tensor(93.2277, device='cuda:0', dtype=torch.float64)"
487,val,41.3238974609375,0.00487303773611784,3.801507141113281,"tensor(93.5200, device='cuda:0', dtype=torch.float64)"
488,train,45.38384011773682,0.0053745482224151495,3.9998188002777098,"tensor(93.2110, device='cuda:0', dtype=torch.float64)"
488,val,36.35471817626953,0.004248716850578785,3.6395986724853517,"tensor(94.4600, device='cuda:0', dtype=torch.float64)"
489,train,45.33978602688599,0.005368668787818402,4.001036376190186,"tensor(93.2329, device='cuda:0', dtype=torch.float64)"
489,val,34.98679794921875,0.004064033495634794,3.6937401794433593,"tensor(94.7200, device='cuda:0', dtype=torch.float64)"
490,train,45.66281894140625,0.005409171751715243,4.01219645678711,"tensor(93.1808, device='cuda:0', dtype=torch.float64)"
490,val,38.404600183105465,0.004498732960224152,3.7643566040039063,"tensor(94.1200, device='cuda:0', dtype=torch.float64)"
491,train,45.61416615774536,0.005403888704989105,4.00422313269043,"tensor(93.1825, device='cuda:0', dtype=torch.float64)"
491,val,38.60206213378906,0.0045367504641413686,3.669083200073242,"tensor(93.9800, device='cuda:0', dtype=torch.float64)"
492,train,45.364510002746584,0.0053720687182731925,3.9995808690338133,"tensor(93.2308, device='cuda:0', dtype=torch.float64)"
492,val,39.9742423461914,0.004694449569657445,3.8269807678222656,"tensor(93.7000, device='cuda:0', dtype=torch.float64)"
493,train,45.565102244293215,0.0053970926931500435,4.007488501373291,"tensor(93.2016, device='cuda:0', dtype=torch.float64)"
493,val,40.29832478027344,0.00475791734457016,3.6623610809326173,"tensor(93.6600, device='cuda:0', dtype=torch.float64)"
494,train,45.703416306121824,0.0054149316544048485,4.0084425924835205,"tensor(93.1659, device='cuda:0', dtype=torch.float64)"
494,val,42.14800986328125,0.004977033323049545,3.8248533294677736,"tensor(93.4200, device='cuda:0', dtype=torch.float64)"
495,train,45.53468643136597,0.005394958976160735,3.9935023111877443,"tensor(93.1976, device='cuda:0', dtype=torch.float64)"
495,val,39.20946575927734,0.004605312703549862,3.748558245849609,"tensor(93.7600, device='cuda:0', dtype=torch.float64)"
496,train,45.49770559399414,0.005389297627821565,4.000113886871338,"tensor(93.2060, device='cuda:0', dtype=torch.float64)"
496,val,41.10200078125,0.004839333494007588,3.8391327880859376,"tensor(93.5600, device='cuda:0', dtype=torch.float64)"
497,train,45.5973973036499,0.00540172729922086,4.004097087936401,"tensor(93.1849, device='cuda:0', dtype=torch.float64)"
497,val,39.30691154785156,0.004615227431803942,3.769660592651367,"tensor(93.9000, device='cuda:0', dtype=torch.float64)"
498,train,45.61279781594849,0.005405245992325247,3.9924036692810057,"tensor(93.1894, device='cuda:0', dtype=torch.float64)"
498,val,37.571260668945314,0.004403121600672602,3.667224310302734,"tensor(94.1800, device='cuda:0', dtype=torch.float64)"
499,train,45.56793369107056,0.0053973945469595495,4.007995685409546,"tensor(93.1897, device='cuda:0', dtype=torch.float64)"
499,val,38.44276462402344,0.004494536755979061,3.834831411743164,"tensor(94.1000, device='cuda:0', dtype=torch.float64)"
500,train,45.5509834074707,0.00539474725137651,4.011429552474976,"tensor(93.2074, device='cuda:0', dtype=torch.float64)"
500,val,39.91203039550781,0.004692992140352726,3.775990808105469,"tensor(93.8400, device='cuda:0', dtype=torch.float64)"
501,train,45.41433764910889,0.005379268957458437,3.993966682220459,"tensor(93.2195, device='cuda:0', dtype=torch.float64)"
501,val,37.416238702392576,0.004387557332217694,3.6320471405029298,"tensor(94.3600, device='cuda:0', dtype=torch.float64)"
502,train,45.52400662042236,0.005392165620084852,4.004331333831787,"tensor(93.1890, device='cuda:0', dtype=torch.float64)"
502,val,37.81929630126953,0.004421538351476193,3.7734509521484374,"tensor(94.0200, device='cuda:0', dtype=torch.float64)"
503,train,45.601518053344726,0.005402070203568786,4.005577483673096,"tensor(93.1884, device='cuda:0', dtype=torch.float64)"
503,val,39.78332163696289,0.004687075100839138,3.6928432708740235,"tensor(93.7200, device='cuda:0', dtype=torch.float64)"
504,train,45.60400307217407,0.005402833010006696,4.00218890411377,"tensor(93.1837, device='cuda:0', dtype=torch.float64)"
504,val,37.74016920166016,0.004422366736456752,3.687945477294922,"tensor(94.1600, device='cuda:0', dtype=torch.float64)"
505,train,45.504058954284666,0.005390851761493832,3.994500383605957,"tensor(93.2061, device='cuda:0', dtype=torch.float64)"
505,val,38.22912124023438,0.004475825730711222,3.765263101196289,"tensor(94., device='cuda:0', dtype=torch.float64)"
506,train,45.45234270376587,0.005384404741480947,3.99242618989563,"tensor(93.2124, device='cuda:0', dtype=torch.float64)"
506,val,36.69397552490234,0.004288668154925108,3.671230841064453,"tensor(94.3600, device='cuda:0', dtype=torch.float64)"
507,train,45.49892420648193,0.005388829249054193,4.004938990905762,"tensor(93.2068, device='cuda:0', dtype=torch.float64)"
507,val,41.35280368652344,0.004871701680868864,3.840700650024414,"tensor(93.5000, device='cuda:0', dtype=torch.float64)"
508,train,45.33240977145386,0.005367678615387529,4.001284440704346,"tensor(93.2307, device='cuda:0', dtype=torch.float64)"
508,val,41.0980625,0.004841967867314815,3.8149098205566405,"tensor(93.5000, device='cuda:0', dtype=torch.float64)"
509,train,45.65757028009033,0.0054092792167626325,4.0061203271331784,"tensor(93.1767, device='cuda:0', dtype=torch.float64)"
509,val,43.90997099609375,0.005185674369335175,3.980278387451172,"tensor(93.0200, device='cuda:0', dtype=torch.float64)"
510,train,45.65186082696533,0.005409966560959816,3.9951183200683595,"tensor(93.1963, device='cuda:0', dtype=torch.float64)"
510,val,37.051419348144535,0.00432690463475883,3.7342533782958984,"tensor(94.2800, device='cuda:0', dtype=torch.float64)"
511,train,45.4943831826477,0.005389016159445047,3.998958767944336,"tensor(93.2073, device='cuda:0', dtype=torch.float64)"
511,val,38.525391955566405,0.004517541068792343,3.7403257080078127,"tensor(93.9000, device='cuda:0', dtype=torch.float64)"
512,train,45.25208689614868,0.005357073511827737,4.002620882461548,"tensor(93.2479, device='cuda:0', dtype=torch.float64)"
512,val,36.71659603881836,0.004282485103979707,3.7414607635498047,"tensor(94.3800, device='cuda:0', dtype=torch.float64)"
513,train,45.37850891213989,0.005374081940907985,3.9980779447021484,"tensor(93.2346, device='cuda:0', dtype=torch.float64)"
513,val,38.302103308105465,0.004489516459405422,3.7328263702392577,"tensor(94.0800, device='cuda:0', dtype=torch.float64)"
514,train,45.499648777130126,0.005389590173330158,3.999804446899414,"tensor(93.2050, device='cuda:0', dtype=torch.float64)"
514,val,40.09858111572266,0.004724723179638386,3.7182128173828124,"tensor(93.9600, device='cuda:0', dtype=torch.float64)"
515,train,45.47790917330933,0.005385341684363783,4.010778190963745,"tensor(93.2027, device='cuda:0', dtype=torch.float64)"
515,val,39.286269140625,0.004599992319941521,3.8663282623291018,"tensor(93.8800, device='cuda:0', dtype=torch.float64)"
516,train,45.43699632061767,0.005380523817621171,4.00696291746521,"tensor(93.2102, device='cuda:0', dtype=torch.float64)"
516,val,41.621329296875,0.004912506181001663,3.7950318359375,"tensor(93.2600, device='cuda:0', dtype=torch.float64)"
517,train,45.52473008392334,0.005391514123801142,4.01007134173584,"tensor(93.2089, device='cuda:0', dtype=torch.float64)"
517,val,38.91207634277344,0.004573580306768417,3.6955082061767577,"tensor(94.0800, device='cuda:0', dtype=torch.float64)"
518,train,45.617611249969485,0.0054038046114631,4.0083157383728025,"tensor(93.1815, device='cuda:0', dtype=torch.float64)"
518,val,38.18875999755859,0.004466129522025585,3.799562484741211,"tensor(94.1400, device='cuda:0', dtype=torch.float64)"
519,train,45.42547716766357,0.005379702034335583,4.001771501541137,"tensor(93.2155, device='cuda:0', dtype=torch.float64)"
519,val,41.26388300170898,0.004880889907106757,3.681030795288086,"tensor(93.5200, device='cuda:0', dtype=torch.float64)"
520,train,45.687182846740725,0.005412650270644575,4.009775767196655,"tensor(93.1730, device='cuda:0', dtype=torch.float64)"
520,val,38.95756711425781,0.004575230060517788,3.72829567565918,"tensor(93.8200, device='cuda:0', dtype=torch.float64)"
521,train,45.59333312661743,0.005400815940082074,4.007050375396728,"tensor(93.1856, device='cuda:0', dtype=torch.float64)"
521,val,40.85996627197266,0.004819977007061243,3.746143118286133,"tensor(93.7000, device='cuda:0', dtype=torch.float64)"
522,train,45.60772022491455,0.005402910086363554,4.005312541427612,"tensor(93.1912, device='cuda:0', dtype=torch.float64)"
522,val,38.9604202758789,0.004570241921395064,3.7695573394775392,"tensor(93.9600, device='cuda:0', dtype=torch.float64)"
523,train,45.37506110125732,0.005372546440087259,4.006453499816894,"tensor(93.2173, device='cuda:0', dtype=torch.float64)"
523,val,38.99622994384766,0.004574061994254589,3.7759526794433595,"tensor(93.7600, device='cuda:0', dtype=torch.float64)"
524,train,45.41093164212036,0.005377700349699706,4.002638942230225,"tensor(93.2310, device='cuda:0', dtype=torch.float64)"
524,val,38.440041174316406,0.004514985716342926,3.6746509857177734,"tensor(94.1800, device='cuda:0', dtype=torch.float64)"
525,train,45.25472231524658,0.005358252245221287,3.996180015487671,"tensor(93.2566, device='cuda:0', dtype=torch.float64)"
525,val,42.2627451171875,0.004989144912362099,3.846329382324219,"tensor(93.4800, device='cuda:0', dtype=torch.float64)"
526,train,45.53967196121216,0.005394040545038879,4.005559764587402,"tensor(93.2084, device='cuda:0', dtype=torch.float64)"
526,val,38.006434313964846,0.0044648269731551405,3.6272666595458984,"tensor(94.2000, device='cuda:0', dtype=torch.float64)"
527,train,45.61948412658691,0.005405087460350245,4.000310692611694,"tensor(93.1788, device='cuda:0', dtype=torch.float64)"
527,val,41.78200394287109,0.004946702268719673,3.6923963775634765,"tensor(93.3800, device='cuda:0', dtype=torch.float64)"
528,train,45.65320513562012,0.005408956840250641,4.004237473434448,"tensor(93.1811, device='cuda:0', dtype=torch.float64)"
528,val,39.34469197998047,0.0046214719492942095,3.759358102416992,"tensor(93.9800, device='cuda:0', dtype=torch.float64)"
529,train,45.70711496694946,0.0054159666255600755,4.004171980499268,"tensor(93.1724, device='cuda:0', dtype=torch.float64)"
529,val,41.07403092651367,0.004831865508109331,3.8686663482666015,"tensor(93.4200, device='cuda:0', dtype=torch.float64)"
530,train,45.49496928710938,0.00538741013533622,4.01191125125122,"tensor(93.2078, device='cuda:0', dtype=torch.float64)"
530,val,40.769342041015626,0.0048009208910167215,3.8022512634277343,"tensor(93.6800, device='cuda:0', dtype=torch.float64)"
531,train,45.628587392730715,0.0054061382259726525,4.001323034362793,"tensor(93.1848, device='cuda:0', dtype=torch.float64)"
531,val,37.08875145263672,0.004348555901646614,3.604871008300781,"tensor(94.4200, device='cuda:0', dtype=torch.float64)"
532,train,45.637051681396485,0.005407265052024275,4.001110795379638,"tensor(93.1797, device='cuda:0', dtype=torch.float64)"
532,val,39.40372563476563,0.004639285180717706,3.681230014038086,"tensor(93.8600, device='cuda:0', dtype=torch.float64)"
533,train,45.585522191864015,0.005400472539007664,4.001883633621216,"tensor(93.1941, device='cuda:0', dtype=torch.float64)"
533,val,39.501725671386716,0.004648836915194988,3.7056814697265623,"tensor(93.9000, device='cuda:0', dtype=torch.float64)"
534,train,45.40532562319946,0.005376009868130088,4.010049636611939,"tensor(93.2299, device='cuda:0', dtype=torch.float64)"
534,val,37.12020935668945,0.004336523401737213,3.7289790649414063,"tensor(94.3000, device='cuda:0', dtype=torch.float64)"
535,train,45.51947589050293,0.005391559849195183,4.0044650598144536,"tensor(93.1962, device='cuda:0', dtype=torch.float64)"
535,val,37.30588818359375,0.004342167408019304,3.871198828125,"tensor(94.2800, device='cuda:0', dtype=torch.float64)"
536,train,45.42465954519653,0.005380174184404314,3.997318308227539,"tensor(93.2361, device='cuda:0', dtype=torch.float64)"
536,val,39.494293872070315,0.004640786015242338,3.7602413818359377,"tensor(93.8600, device='cuda:0', dtype=torch.float64)"
537,train,45.552464042785644,0.005395564232043922,4.00661946295166,"tensor(93.1978, device='cuda:0', dtype=torch.float64)"
537,val,37.03462109375,0.004327354441583157,3.7139921142578123,"tensor(94.3600, device='cuda:0', dtype=torch.float64)"
538,train,45.277630230407716,0.005360964396487922,3.998204370376587,"tensor(93.2491, device='cuda:0', dtype=torch.float64)"
538,val,43.30325775146484,0.0051361715376377105,3.7547369384765625,"tensor(93.1800, device='cuda:0', dtype=torch.float64)"
539,train,45.576809877593995,0.005398554206587374,4.007942505554199,"tensor(93.1931, device='cuda:0', dtype=torch.float64)"
539,val,37.695701135253906,0.004415408585220575,3.6970551055908203,"tensor(94.2400, device='cuda:0', dtype=torch.float64)"
540,train,120.34145730883789,0.014983024073988199,4.972171900772095,"tensor(79.3222, device='cuda:0', dtype=torch.float64)"
540,val,110.28872939453125,0.013739228522777557,4.496669985961914,"tensor(80.9000, device='cuda:0', dtype=torch.float64)"
541,train,119.95548671313476,0.014952892254173756,4.818216392562866,"tensor(79.3952, device='cuda:0', dtype=torch.float64)"
541,val,116.53395629882813,0.014538367176055908,4.5885287872314455,"tensor(79.5400, device='cuda:0', dtype=torch.float64)"
542,train,120.08708579248047,0.014975821615695953,4.773259354248047,"tensor(79.3281, device='cuda:0', dtype=torch.float64)"
542,val,113.35122270507813,0.014139721536636353,4.475366674804688,"tensor(80.2800, device='cuda:0', dtype=torch.float64)"
543,train,120.01592029272462,0.01497222546032071,4.729784218322754,"tensor(79.3470, device='cuda:0', dtype=torch.float64)"
543,val,109.8341490234375,0.013668207436800002,4.588950939941406,"tensor(81.0400, device='cuda:0', dtype=torch.float64)"
544,train,120.28537437524415,0.015009057272404432,4.715633340423584,"tensor(79.2799, device='cuda:0', dtype=torch.float64)"
544,val,108.60616279296875,0.013522789359092712,4.480684957885742,"tensor(81.3000, device='cuda:0', dtype=torch.float64)"
545,train,119.57345311962891,0.014920050546556712,4.689063948760986,"tensor(79.4212, device='cuda:0', dtype=torch.float64)"
545,val,110.552996875,0.013761817800998688,4.587001141357422,"tensor(80.6600, device='cuda:0', dtype=torch.float64)"
546,train,119.81551767382813,0.014953660075992347,4.672335135406494,"tensor(79.3542, device='cuda:0', dtype=torch.float64)"
546,val,112.79441416015625,0.014060156089067459,4.531211587524414,"tensor(80.3200, device='cuda:0', dtype=torch.float64)"
547,train,119.88185332788086,0.0149641289319098,4.6580606372833255,"tensor(79.3280, device='cuda:0', dtype=torch.float64)"
547,val,114.416728125,0.01428059583902359,4.456139926147461,"tensor(79.9000, device='cuda:0', dtype=torch.float64)"
548,train,119.66337757641601,0.014939111813396215,4.6322166296234135,"tensor(79.3832, device='cuda:0', dtype=torch.float64)"
548,val,109.03377294921874,0.0135766428232193,4.493622549438476,"tensor(81.2000, device='cuda:0', dtype=torch.float64)"
549,train,119.79679384228515,0.014957455733060837,4.6243846674346925,"tensor(79.3355, device='cuda:0', dtype=torch.float64)"
549,val,108.121641015625,0.013468355619907378,4.415303771972656,"tensor(81.4200, device='cuda:0', dtype=torch.float64)"
550,train,119.5724481994629,0.01493000973701477,4.6113732557525635,"tensor(79.4026, device='cuda:0', dtype=torch.float64)"
550,val,111.37856904296875,0.013887802541255951,4.442489184570313,"tensor(80.8000, device='cuda:0', dtype=torch.float64)"
551,train,119.42849379443359,0.014912123820751905,4.605140361175537,"tensor(79.4127, device='cuda:0', dtype=torch.float64)"
551,val,113.80098056640625,0.014206661295890807,4.409689346313477,"tensor(79.9400, device='cuda:0', dtype=torch.float64)"
552,train,119.13912511206054,0.014876564463376998,4.58957870602417,"tensor(79.4603, device='cuda:0', dtype=torch.float64)"
552,val,107.86023330078125,0.013429851961135865,4.450373379516601,"tensor(81.5400, device='cuda:0', dtype=torch.float64)"
553,train,118.9802901057129,0.014857053099095822,4.580981292800903,"tensor(79.4981, device='cuda:0', dtype=torch.float64)"
553,val,111.82968857421875,0.0139482288479805,4.428327139282227,"tensor(80.5600, device='cuda:0', dtype=torch.float64)"
554,train,117.21450586669921,0.01462921855339408,4.569523005310058,"tensor(79.5337, device='cuda:0', dtype=torch.float64)"
554,val,108.5626833984375,0.013531903278827667,4.367027633666992,"tensor(80.6400, device='cuda:0', dtype=torch.float64)"
555,train,109.34225590698242,0.01360776229557395,4.562486247253418,"tensor(79.4614, device='cuda:0', dtype=torch.float64)"
555,val,99.1592427734375,0.012307824903726578,4.388990954589843,"tensor(81.7200, device='cuda:0', dtype=torch.float64)"
556,train,106.8630558239746,0.013286413730442525,4.557670069290161,"tensor(79.4190, device='cuda:0', dtype=torch.float64)"
556,val,100.132273046875,0.01244070640206337,4.33883376159668,"tensor(81.3600, device='cuda:0', dtype=torch.float64)"
557,train,105.86698323413086,0.013157943402141332,4.55081904296875,"tensor(79.4245, device='cuda:0', dtype=torch.float64)"
557,val,101.75898916015625,0.012649013024568558,4.361588894653321,"tensor(80.8000, device='cuda:0', dtype=torch.float64)"
558,train,104.91259417089844,0.013034335754826666,4.548208835525513,"tensor(79.5661, device='cuda:0', dtype=torch.float64)"
558,val,107.47110595703126,0.013382182145118713,4.4283034851074214,"tensor(79.6200, device='cuda:0', dtype=torch.float64)"
559,train,104.57034524755859,0.012991501475423575,4.5357838817443845,"tensor(79.5855, device='cuda:0', dtype=torch.float64)"
559,val,105.59364619140625,0.013142561221122742,4.395924490356445,"tensor(80.1200, device='cuda:0', dtype=torch.float64)"
560,train,104.3693910666504,0.012966414324730636,4.528000779647827,"tensor(79.5920, device='cuda:0', dtype=torch.float64)"
560,val,101.63094858398438,0.012634995782375336,4.341481884765625,"tensor(80.8800, device='cuda:0', dtype=torch.float64)"
561,train,104.3884048215332,0.012969453722387551,4.523611141403198,"tensor(79.5485, device='cuda:0', dtype=torch.float64)"
561,val,99.03571166992188,0.012301242834329606,4.316141909790039,"tensor(81.3400, device='cuda:0', dtype=torch.float64)"
562,train,104.14251327514648,0.012937575592637062,4.523181185729981,"tensor(79.5613, device='cuda:0', dtype=torch.float64)"
562,val,99.97229912109376,0.012417835646867752,4.35496494140625,"tensor(81.1000, device='cuda:0', dtype=torch.float64)"
563,train,104.14402989111328,0.012938461541444063,4.517876025497436,"tensor(79.5589, device='cuda:0', dtype=torch.float64)"
563,val,101.49823349609375,0.012625946110486985,4.278449359130859,"tensor(80.7000, device='cuda:0', dtype=torch.float64)"
564,train,104.13964456323242,0.012937139448404312,4.523670837860108,"tensor(79.5285, device='cuda:0', dtype=torch.float64)"
564,val,101.17903515625,0.012580833435058593,4.306618627929687,"tensor(80.9800, device='cuda:0', dtype=torch.float64)"
565,train,103.84600035571289,0.012900360307604074,4.51322595729065,"tensor(79.5842, device='cuda:0', dtype=torch.float64)"
565,val,97.2620455078125,0.012078515702486038,4.257474627685547,"tensor(81.6800, device='cuda:0', dtype=torch.float64)"
566,train,103.87694162451172,0.012904340104818343,4.513522807739258,"tensor(79.5620, device='cuda:0', dtype=torch.float64)"
566,val,98.46646186523438,0.012234882324934006,4.257867977905273,"tensor(81.1600, device='cuda:0', dtype=torch.float64)"
567,train,103.71049620678711,0.012883539211034774,4.507244318939209,"tensor(79.5931, device='cuda:0', dtype=torch.float64)"
567,val,97.94811538085938,0.012163717287778854,4.287492745971679,"tensor(81.2000, device='cuda:0', dtype=torch.float64)"
568,train,103.52408439575196,0.012859440632164479,4.506391546646118,"tensor(79.6440, device='cuda:0', dtype=torch.float64)"
568,val,98.24323061523438,0.012203342843055725,4.277490734863282,"tensor(81.4600, device='cuda:0', dtype=torch.float64)"
569,train,103.58118982690429,0.01286773415966332,4.499636793624878,"tensor(79.5905, device='cuda:0', dtype=torch.float64)"
569,val,100.30864755859375,0.012461695754528046,4.353589749145508,"tensor(81.2400, device='cuda:0', dtype=torch.float64)"
570,train,103.12563781860352,0.012809071838885546,4.495784659103394,"tensor(79.7071, device='cuda:0', dtype=torch.float64)"
570,val,100.5602634765625,0.012504491275548936,4.275680905151368,"tensor(81.3600, device='cuda:0', dtype=torch.float64)"
571,train,103.25359790966797,0.01282540836188197,4.497953593215942,"tensor(79.6568, device='cuda:0', dtype=torch.float64)"
571,val,99.0353337890625,0.012302755826711654,4.3041135040283205,"tensor(81.3000, device='cuda:0', dtype=torch.float64)"
572,train,103.14476797949219,0.01281203308211267,4.492113297943115,"tensor(79.6885, device='cuda:0', dtype=torch.float64)"
572,val,104.05968120117187,0.012953472250699996,4.317945428466797,"tensor(80.2800, device='cuda:0', dtype=torch.float64)"
573,train,103.37312387402343,0.012841254506587981,4.495464166671753,"tensor(79.6192, device='cuda:0', dtype=torch.float64)"
573,val,95.7774294921875,0.011882230049371719,4.284257763671875,"tensor(81.8600, device='cuda:0', dtype=torch.float64)"
574,train,103.04116108447266,0.012799356314480304,4.486117491317749,"tensor(79.6830, device='cuda:0', dtype=torch.float64)"
574,val,106.45726069335937,0.01326279951930046,4.333705462646485,"tensor(79.8000, device='cuda:0', dtype=torch.float64)"
575,train,103.24266146484375,0.01282522687703371,4.488414477249146,"tensor(79.6263, device='cuda:0', dtype=torch.float64)"
575,val,101.52918823242187,0.012631851607561112,4.263930795288086,"tensor(80.5800, device='cuda:0', dtype=torch.float64)"
576,train,102.98414242041015,0.012792282251790165,4.483569055526734,"tensor(79.6997, device='cuda:0', dtype=torch.float64)"
576,val,98.12848041992187,0.012182586789131165,4.322561840820312,"tensor(81., device='cuda:0', dtype=torch.float64)"
577,train,102.81223844604492,0.01277050716239214,4.479333301177978,"tensor(79.7329, device='cuda:0', dtype=torch.float64)"
577,val,101.8939123046875,0.012673737943172454,4.306130355834961,"tensor(80.7800, device='cuda:0', dtype=torch.float64)"
578,train,102.92361425610352,0.012785737081289291,4.47343874281311,"tensor(79.7016, device='cuda:0', dtype=torch.float64)"
578,val,102.13762358398438,0.01271080470085144,4.264427743530273,"tensor(80.3400, device='cuda:0', dtype=torch.float64)"
579,train,102.70932465710449,0.01275876677377522,4.466820534606933,"tensor(79.7505, device='cuda:0', dtype=torch.float64)"
579,val,101.60817602539062,0.012639431136846542,4.284556234741211,"tensor(80.6600, device='cuda:0', dtype=torch.float64)"
580,train,103.12533442724609,0.012812245196551084,4.4710464178009035,"tensor(79.6164, device='cuda:0', dtype=torch.float64)"
580,val,100.51963837890625,0.012496470367908477,4.2968162872314455,"tensor(80.5600, device='cuda:0', dtype=torch.float64)"
581,train,102.6238254876709,0.012747717740565538,4.466398882446289,"tensor(79.7594, device='cuda:0', dtype=torch.float64)"
581,val,96.51529077148437,0.011982957178354263,4.246519912719727,"tensor(81.3800, device='cuda:0', dtype=torch.float64)"
582,train,101.75246801098633,0.012636870071575046,4.448568450698852,"tensor(79.9275, device='cuda:0', dtype=torch.float64)"
582,val,96.27198686523438,0.011951330339908599,4.246742868041992,"tensor(81.7800, device='cuda:0', dtype=torch.float64)"
583,train,101.58043254101563,0.012614321977376938,4.450153310409546,"tensor(79.9470, device='cuda:0', dtype=torch.float64)"
583,val,97.88612426757813,0.012159819012880326,4.2555185546875,"tensor(81.3800, device='cuda:0', dtype=torch.float64)"
584,train,101.47565548950195,0.012600936771988869,4.448442380096435,"tensor(79.9740, device='cuda:0', dtype=torch.float64)"
584,val,102.44497397460937,0.012747735428810119,4.287411047363281,"tensor(80.6600, device='cuda:0', dtype=torch.float64)"
585,train,101.12571749169922,0.012556131571039558,4.443504418060303,"tensor(80.0454, device='cuda:0', dtype=torch.float64)"
585,val,96.40840786132813,0.011967285841703415,4.2603064605712895,"tensor(81.8000, device='cuda:0', dtype=torch.float64)"
586,train,101.15197571643067,0.012559820893004536,4.441354838409424,"tensor(80.0427, device='cuda:0', dtype=torch.float64)"
586,val,100.43205825195312,0.012488219684362412,4.272766760253906,"tensor(80.9000, device='cuda:0', dtype=torch.float64)"
587,train,101.32724886157227,0.012581468558982015,4.4499409709472655,"tensor(80.0048, device='cuda:0', dtype=torch.float64)"
587,val,98.12060502929687,0.012194451427459717,4.223328552246094,"tensor(81.3800, device='cuda:0', dtype=torch.float64)"
588,train,101.00494318603516,0.012540634204208851,4.442059835250855,"tensor(80.0528, device='cuda:0', dtype=torch.float64)"
588,val,95.217925,0.011816138303279877,4.2336607238769535,"tensor(81.9800, device='cuda:0', dtype=torch.float64)"
589,train,101.39269966577149,0.012591235599637032,4.44018556211853,"tensor(79.9837, device='cuda:0', dtype=torch.float64)"
589,val,97.27118671875,0.012079839521646499,4.256422271728516,"tensor(81.2800, device='cuda:0', dtype=torch.float64)"
590,train,101.08535563916016,0.0125516288844347,4.437813218444824,"tensor(80.0437, device='cuda:0', dtype=torch.float64)"
590,val,97.309558203125,0.01209158593416214,4.204346597290039,"tensor(81.5000, device='cuda:0', dtype=torch.float64)"
591,train,101.20773274389649,0.012567460081532597,4.438290138824463,"tensor(80.0111, device='cuda:0', dtype=torch.float64)"
591,val,95.79975473632813,0.011893307304382324,4.221288510131836,"tensor(81.7400, device='cuda:0', dtype=torch.float64)"
592,train,101.04099249951172,0.012545547539561988,4.440276466964722,"tensor(80.0535, device='cuda:0', dtype=torch.float64)"
592,val,99.95376889648438,0.012429425179958344,4.247194808959961,"tensor(80.8200, device='cuda:0', dtype=torch.float64)"
593,train,101.17877070581055,0.012563755473926663,4.4378535648651125,"tensor(80.0387, device='cuda:0', dtype=torch.float64)"
593,val,100.62472163085937,0.012511644285917282,4.2850599853515625,"tensor(80.6000, device='cuda:0', dtype=torch.float64)"
594,train,100.98449817089843,0.012538551372379065,4.437652576522827,"tensor(80.0734, device='cuda:0', dtype=torch.float64)"
594,val,101.49599526367187,0.012634136039018631,4.213147415161133,"tensor(80.8400, device='cuda:0', dtype=torch.float64)"
595,train,100.93322841247559,0.012532368712380528,4.4339893374481205,"tensor(80.0734, device='cuda:0', dtype=torch.float64)"
595,val,99.32469814453125,0.012346325331926346,4.257992953491211,"tensor(81.2400, device='cuda:0', dtype=torch.float64)"
596,train,101.21963583740235,0.012568962356239556,4.438625636474609,"tensor(80.0050, device='cuda:0', dtype=torch.float64)"
596,val,94.7369708984375,0.011754034382104874,4.23090641784668,"tensor(82.0600, device='cuda:0', dtype=torch.float64)"
597,train,100.95535285302735,0.012534779325932265,4.437552020767212,"tensor(80.0690, device='cuda:0', dtype=torch.float64)"
597,val,103.29535600585938,0.012857473492622375,4.292810284423828,"tensor(80.3200, device='cuda:0', dtype=torch.float64)"
598,train,100.82273366503907,0.012518423246413468,4.430874682144165,"tensor(80.0859, device='cuda:0', dtype=torch.float64)"
598,val,100.91546748046875,0.0125469591319561,4.303882266235352,"tensor(80.5600, device='cuda:0', dtype=torch.float64)"
599,train,100.71657075341797,0.012504378919035197,4.432853047790528,"tensor(80.1246, device='cuda:0', dtype=torch.float64)"
599,val,102.283998046875,0.012733372807502747,4.237027365112304,"tensor(80.3800, device='cuda:0', dtype=torch.float64)"
600,train,100.86363283789062,0.012523504316776991,4.432649613601685,"tensor(80.0629, device='cuda:0', dtype=torch.float64)"
600,val,93.40133247070312,0.011580139553546906,4.234257711791992,"tensor(82.2200, device='cuda:0', dtype=torch.float64)"
601,train,100.92080105981445,0.012530563370257616,4.435463133605957,"tensor(80.0614, device='cuda:0', dtype=torch.float64)"
601,val,99.69586420898437,0.012395247679948807,4.252457583618164,"tensor(81.1400, device='cuda:0', dtype=torch.float64)"
602,train,100.71318237792968,0.012504330932080745,4.429834175369263,"tensor(80.1245, device='cuda:0', dtype=torch.float64)"
602,val,95.3854880859375,0.01183955528140068,4.220912347412109,"tensor(81.5400, device='cuda:0', dtype=torch.float64)"
603,train,100.59457459936523,0.012488939330250024,4.4297417734832765,"tensor(80.1396, device='cuda:0', dtype=torch.float64)"
603,val,97.01574765625,0.012052967441082,4.207898092651368,"tensor(81.3200, device='cuda:0', dtype=torch.float64)"
604,train,100.94157629394532,0.012533926514163614,4.430342132080078,"tensor(80.0577, device='cuda:0', dtype=torch.float64)"
604,val,96.96460952148438,0.01204541347026825,4.2149260803222655,"tensor(81.4400, device='cuda:0', dtype=torch.float64)"
605,train,100.54356657836914,0.012482901193290949,4.425227334823608,"tensor(80.1524, device='cuda:0', dtype=torch.float64)"
605,val,97.13933608398438,0.012068237203359604,4.213910028076172,"tensor(81.6200, device='cuda:0', dtype=torch.float64)"
606,train,100.60110971044922,0.012490001974448562,4.428094516174316,"tensor(80.1341, device='cuda:0', dtype=torch.float64)"
606,val,97.61191801757812,0.012124741649627686,4.251407534790039,"tensor(80.9400, device='cuda:0', dtype=torch.float64)"
607,train,100.65862690234376,0.012497659106820823,4.426651758453369,"tensor(80.1134, device='cuda:0', dtype=torch.float64)"
607,val,92.9933017578125,0.011531346839666367,4.201931472778321,"tensor(82.3400, device='cuda:0', dtype=torch.float64)"
608,train,100.43233703613281,0.012468285590663552,4.426537988098144,"tensor(80.1755, device='cuda:0', dtype=torch.float64)"
608,val,96.40486020507812,0.011973869216442109,4.206067510986328,"tensor(81.4800, device='cuda:0', dtype=torch.float64)"
609,train,100.41568372729492,0.012466381093770266,4.424549265701294,"tensor(80.1705, device='cuda:0', dtype=torch.float64)"
609,val,99.3023990234375,0.012348867481946945,4.216119506835938,"tensor(81.0800, device='cuda:0', dtype=torch.float64)"
610,train,100.41005415429687,0.012465750948011875,4.423771845733643,"tensor(80.1789, device='cuda:0', dtype=torch.float64)"
610,val,99.94847592773438,0.012425853705406189,4.269402169799805,"tensor(80.7800, device='cuda:0', dtype=torch.float64)"
611,train,100.37288936035156,0.012460871899470687,4.424175804336548,"tensor(80.1968, device='cuda:0', dtype=torch.float64)"
611,val,100.3573994140625,0.012484584790468215,4.22609605102539,"tensor(80.8000, device='cuda:0', dtype=torch.float64)"
612,train,100.81578933105469,0.012517980256527662,4.427341380020142,"tensor(80.0720, device='cuda:0', dtype=torch.float64)"
612,val,102.29598310546875,0.012732327663898467,4.257060409545899,"tensor(80.5200, device='cuda:0', dtype=torch.float64)"
613,train,100.26640605078126,0.012447615578532219,4.419766097732544,"tensor(80.2110, device='cuda:0', dtype=torch.float64)"
613,val,100.82848911132812,0.012543538451194764,4.243242883300781,"tensor(80.7000, device='cuda:0', dtype=torch.float64)"
614,train,100.58974052612305,0.01248896914717555,4.424678041397095,"tensor(80.1325, device='cuda:0', dtype=torch.float64)"
614,val,101.94412397460937,0.012682687962055206,4.287426843261719,"tensor(80.7000, device='cuda:0', dtype=torch.float64)"
615,train,100.3681361027832,0.012460506912201644,4.422232857788086,"tensor(80.1700, device='cuda:0', dtype=torch.float64)"
615,val,95.19210478515625,0.0118144485861063,4.220850839233399,"tensor(81.9200, device='cuda:0', dtype=torch.float64)"
616,train,100.19873450805665,0.012438604748815299,4.421477943038941,"tensor(80.2076, device='cuda:0', dtype=torch.float64)"
616,val,97.14378071289063,0.012064267909526825,4.248917340087891,"tensor(81.4800, device='cuda:0', dtype=torch.float64)"
617,train,99.92779224206544,0.01240400189575553,4.4169776550750735,"tensor(80.2878, device='cuda:0', dtype=torch.float64)"
617,val,98.43891962890625,0.012238820260763169,4.200003567504883,"tensor(81.1000, device='cuda:0', dtype=torch.float64)"
618,train,99.85509205419922,0.012394431839317084,4.417966902709961,"tensor(80.2671, device='cuda:0', dtype=torch.float64)"
618,val,91.45446791992188,0.011330171871185303,4.212144717407226,"tensor(82.8000, device='cuda:0', dtype=torch.float64)"
619,train,99.87158439697265,0.012396731897056102,4.416748810317993,"tensor(80.2788, device='cuda:0', dtype=torch.float64)"
619,val,98.65474638671876,0.012262154197692872,4.2361596527099605,"tensor(81.1200, device='cuda:0', dtype=torch.float64)"
620,train,99.97317314746094,0.01240986262884736,4.417230887344361,"tensor(80.2424, device='cuda:0', dtype=torch.float64)"
620,val,97.4795955078125,0.012110069453716277,4.232061236572266,"tensor(81.2400, device='cuda:0', dtype=torch.float64)"
621,train,99.64882618725586,0.012367565045416355,4.418575346160889,"tensor(80.3294, device='cuda:0', dtype=torch.float64)"
621,val,96.56598232421875,0.011995148986577988,4.203335388183594,"tensor(81.6400, device='cuda:0', dtype=torch.float64)"
622,train,99.90648638513184,0.012401318069159985,4.416337259460449,"tensor(80.2602, device='cuda:0', dtype=torch.float64)"
622,val,102.43639926757812,0.012746428352594376,4.288900827026367,"tensor(80.1600, device='cuda:0', dtype=torch.float64)"
623,train,100.15988772241211,0.012433908795818686,4.418789928604126,"tensor(80.2041, device='cuda:0', dtype=torch.float64)"
623,val,100.58800336914062,0.012511791396141052,4.247209387207032,"tensor(80.7200, device='cuda:0', dtype=torch.float64)"
624,train,99.96832437915039,0.012408585725381971,4.422214287567138,"tensor(80.2515, device='cuda:0', dtype=torch.float64)"
624,val,94.49281728515625,0.011724754410982132,4.212208074951172,"tensor(82.1200, device='cuda:0', dtype=torch.float64)"
625,train,100.0624230090332,0.012421380312174558,4.417794553390503,"tensor(80.2343, device='cuda:0', dtype=torch.float64)"
625,val,98.05003173828125,0.012185052752494811,4.225125357055664,"tensor(81.2800, device='cuda:0', dtype=torch.float64)"
626,train,99.68732812158203,0.012372512229666115,4.4189839703826905,"tensor(80.3180, device='cuda:0', dtype=torch.float64)"
626,val,99.4125076171875,0.012364548814296722,4.205481512451172,"tensor(81.0800, device='cuda:0', dtype=torch.float64)"
627,train,99.61308328564454,0.012363486773714424,4.414235066925049,"tensor(80.3324, device='cuda:0', dtype=torch.float64)"
627,val,98.86240620117188,0.012287213999032974,4.250857855224609,"tensor(81.1400, device='cuda:0', dtype=torch.float64)"
628,train,99.880424828125,0.012397961351960897,4.416122408782959,"tensor(80.2681, device='cuda:0', dtype=torch.float64)"
628,val,97.28389819335938,0.012090271693468093,4.188805551147461,"tensor(81.5600, device='cuda:0', dtype=torch.float64)"
629,train,99.93709878759766,0.012405122680529953,4.417654129837036,"tensor(80.2550, device='cuda:0', dtype=torch.float64)"
629,val,99.10487280273438,0.012320852506160737,4.234307983398438,"tensor(81.1400, device='cuda:0', dtype=torch.float64)"
630,train,99.84673137341309,0.012393477545678615,4.41695421244812,"tensor(80.2759, device='cuda:0', dtype=torch.float64)"
630,val,96.66130395507813,0.012007197046279908,4.205886605834961,"tensor(81.4400, device='cuda:0', dtype=torch.float64)"
631,train,99.61759346813965,0.012363902680993081,4.415542785430908,"tensor(80.3397, device='cuda:0', dtype=torch.float64)"
631,val,89.92040239257813,0.011131449967622758,4.208237777709961,"tensor(83.0400, device='cuda:0', dtype=torch.float64)"
632,train,99.73015862304688,0.01237829999871552,4.417248624923706,"tensor(80.2889, device='cuda:0', dtype=torch.float64)"
632,val,96.40423325195313,0.011976158261299134,4.187814614868164,"tensor(81.7400, device='cuda:0', dtype=torch.float64)"
633,train,99.72395289331055,0.01237806773301959,4.412831303604126,"tensor(80.3196, device='cuda:0', dtype=torch.float64)"
633,val,96.08348515625,0.011934885388612747,4.184867465209961,"tensor(81.8200, device='cuda:0', dtype=torch.float64)"
634,train,99.59502475952148,0.01236156961260736,4.410938747055054,"tensor(80.3365, device='cuda:0', dtype=torch.float64)"
634,val,97.47511206054688,0.012111792623996734,4.214308618164062,"tensor(81.4000, device='cuda:0', dtype=torch.float64)"
635,train,99.69324348962402,0.012373808092489839,4.414921206008911,"tensor(80.2911, device='cuda:0', dtype=torch.float64)"
635,val,94.50265537109375,0.011730476260185242,4.1779880859375,"tensor(82.1400, device='cuda:0', dtype=torch.float64)"
636,train,99.21204979333496,0.012311849652111531,4.410807475891113,"tensor(80.4316, device='cuda:0', dtype=torch.float64)"
636,val,92.95789516601563,0.011525911366939545,4.208377560424805,"tensor(82.2000, device='cuda:0', dtype=torch.float64)"
637,train,99.67758598071289,0.012371709131598473,4.415425624603271,"tensor(80.3121, device='cuda:0', dtype=torch.float64)"
637,val,97.66586352539062,0.01213217394053936,4.248124591064453,"tensor(81.3000, device='cuda:0', dtype=torch.float64)"
638,train,99.47067344067383,0.012345523746848107,4.410140627883911,"tensor(80.3737, device='cuda:0', dtype=torch.float64)"
638,val,98.95579165039062,0.01229926382303238,4.251460369873047,"tensor(81.2200, device='cuda:0', dtype=torch.float64)"
639,train,99.48032739648437,0.012346741750001907,4.410415974731445,"tensor(80.3702, device='cuda:0', dtype=torch.float64)"
639,val,99.032948046875,0.012309554052352905,4.249381750488281,"tensor(81.0200, device='cuda:0', dtype=torch.float64)"
640,train,99.49563810351563,0.012348559691488743,4.4117284706878666,"tensor(80.3542, device='cuda:0', dtype=torch.float64)"
640,val,100.29332739257812,0.01247379138469696,4.245133999633789,"tensor(80.8400, device='cuda:0', dtype=torch.float64)"
641,train,99.58036736694336,0.012359372478753329,4.413199314361572,"tensor(80.3169, device='cuda:0', dtype=torch.float64)"
641,val,92.93982319335937,0.0115227772295475,4.214438177490234,"tensor(82.3000, device='cuda:0', dtype=torch.float64)"
642,train,99.41819926269531,0.012339018708720803,4.407755204788208,"tensor(80.3695, device='cuda:0', dtype=torch.float64)"
642,val,95.90733032226562,0.011908844208717346,4.2092300964355465,"tensor(81.8600, device='cuda:0', dtype=torch.float64)"
643,train,99.65271710913086,0.012368888724148274,4.412273918029785,"tensor(80.3067, device='cuda:0', dtype=torch.float64)"
643,val,97.36834467773437,0.012100884139537811,4.191536956787109,"tensor(81.4600, device='cuda:0', dtype=torch.float64)"
644,train,99.63190404370117,0.012366063801646232,4.413212791290283,"tensor(80.3233, device='cuda:0', dtype=torch.float64)"
644,val,100.6355931640625,0.012513154065608979,4.284306704711914,"tensor(80.6800, device='cuda:0', dtype=torch.float64)"
645,train,99.65526898657227,0.012369089625507593,4.413278874603272,"tensor(80.3091, device='cuda:0', dtype=torch.float64)"
645,val,96.336220703125,0.011961123496294022,4.235569555664062,"tensor(81.6800, device='cuda:0', dtype=torch.float64)"
646,train,99.56631770019531,0.01235739235009253,4.4143966466522215,"tensor(80.3308, device='cuda:0', dtype=torch.float64)"
646,val,101.24295048828125,0.012593483120203018,4.273131051635742,"tensor(80.5400, device='cuda:0', dtype=torch.float64)"
647,train,99.40083335412598,0.012336299867883324,4.411324439620972,"tensor(80.3728, device='cuda:0', dtype=torch.float64)"
647,val,99.18728413085938,0.012332550692558288,4.226643835449218,"tensor(81.0600, device='cuda:0', dtype=torch.float64)"
648,train,99.3777131217041,0.012332820554867386,4.414994791625976,"tensor(80.3740, device='cuda:0', dtype=torch.float64)"
648,val,98.29966083984375,0.012219661915302276,4.208264465332031,"tensor(81.1200, device='cuda:0', dtype=torch.float64)"
649,train,99.53086341064453,0.01235322213383019,4.411052969848633,"tensor(80.3457, device='cuda:0', dtype=torch.float64)"
649,val,97.46206440429688,0.012112802243232726,4.193487145996094,"tensor(81.5000, device='cuda:0', dtype=torch.float64)"
650,train,99.63100737939453,0.012366156260758638,4.411604143386841,"tensor(80.3056, device='cuda:0', dtype=torch.float64)"
650,val,101.041847265625,0.012565586942434311,4.286827890014648,"tensor(80.6000, device='cuda:0', dtype=torch.float64)"
651,train,99.4332803095703,0.012340320251479745,4.412814398880005,"tensor(80.3452, device='cuda:0', dtype=torch.float64)"
651,val,98.665309765625,0.012262551826238631,4.24366011352539,"tensor(81.1800, device='cuda:0', dtype=torch.float64)"
652,train,99.18351508325195,0.01230823034954071,4.410141387802124,"tensor(80.4395, device='cuda:0', dtype=torch.float64)"
652,val,99.15212641601562,0.0123281718313694,4.225203170776367,"tensor(81.2000, device='cuda:0', dtype=torch.float64)"
653,train,99.2442848022461,0.012316185330986976,4.40965772505188,"tensor(80.4014, device='cuda:0', dtype=torch.float64)"
653,val,93.2459375,0.011561511409282684,4.222299722290039,"tensor(82.3800, device='cuda:0', dtype=torch.float64)"
654,train,99.47281853930664,0.01234560924206674,4.411627386123657,"tensor(80.3713, device='cuda:0', dtype=torch.float64)"
654,val,94.92158876953125,0.011782536268234252,4.196059744262695,"tensor(81.8400, device='cuda:0', dtype=torch.float64)"
655,train,99.27217522998046,0.012319898627713323,4.408955770431518,"tensor(80.3912, device='cuda:0', dtype=torch.float64)"
655,val,94.60578393554688,0.01174557249546051,4.164875314331055,"tensor(82.0600, device='cuda:0', dtype=torch.float64)"
656,train,99.48458185205078,0.012347078962862492,4.412073822448731,"tensor(80.3505, device='cuda:0', dtype=torch.float64)"
656,val,94.24208623046874,0.01170022071003914,4.15038678894043,"tensor(82.0800, device='cuda:0', dtype=torch.float64)"
657,train,99.35284818151855,0.01232995585860312,4.4121880887451175,"tensor(80.3956, device='cuda:0', dtype=torch.float64)"
657,val,97.09537568359374,0.01206283169388771,4.2115715148925785,"tensor(81.4200, device='cuda:0', dtype=torch.float64)"
658,train,99.56775442199707,0.01235771145772934,4.4133761854858395,"tensor(80.3219, device='cuda:0', dtype=torch.float64)"
658,val,98.59654482421875,0.01225999265909195,4.194601766967773,"tensor(81.2000, device='cuda:0', dtype=torch.float64)"
659,train,99.37274915771485,0.012332683321759104,4.411087574462891,"tensor(80.3813, device='cuda:0', dtype=torch.float64)"
659,val,97.93320908203125,0.012171103185415267,4.215714682006836,"tensor(81.4000, device='cuda:0', dtype=torch.float64)"
660,train,99.4470561862793,0.012342291005641222,4.4114154569396975,"tensor(80.3648, device='cuda:0', dtype=torch.float64)"
660,val,95.37809760742188,0.011844016897678375,4.179167779541015,"tensor(81.8400, device='cuda:0', dtype=torch.float64)"
661,train,99.49799617346191,0.012349251580163836,4.408758978866577,"tensor(80.3540, device='cuda:0', dtype=torch.float64)"
661,val,96.93878715820313,0.012035417193174362,4.266074645996094,"tensor(81.6800, device='cuda:0', dtype=torch.float64)"
662,train,99.62463739575195,0.012365259933292867,4.412135927749634,"tensor(80.3263, device='cuda:0', dtype=torch.float64)"
662,val,96.58415463867188,0.011996004915237427,4.214917077636719,"tensor(81.8800, device='cuda:0', dtype=torch.float64)"
663,train,99.10536468896484,0.012297752740830182,4.412668581604004,"tensor(80.4498, device='cuda:0', dtype=torch.float64)"
663,val,96.605343359375,0.011997531163692475,4.2243543670654295,"tensor(81.8200, device='cuda:0', dtype=torch.float64)"
664,train,99.02317146826172,0.012287859315216542,4.4066547940979,"tensor(80.4424, device='cuda:0', dtype=torch.float64)"
664,val,95.29727053222656,0.011836297577619552,4.157778918457031,"tensor(81.9000, device='cuda:0', dtype=torch.float64)"
665,train,99.38416926428222,0.012334670596584678,4.407205652420044,"tensor(80.3990, device='cuda:0', dtype=torch.float64)"
665,val,94.87623666992188,0.011775685429573059,4.203458587646485,"tensor(82., device='cuda:0', dtype=torch.float64)"
666,train,99.41323008618164,0.012338183944404125,4.409213735534668,"tensor(80.3857, device='cuda:0', dtype=torch.float64)"
666,val,92.30083793945313,0.01144568853378296,4.1690364227294925,"tensor(82.4000, device='cuda:0', dtype=torch.float64)"
667,train,99.49720319421387,0.012348648432523012,4.4126102884063725,"tensor(80.3483, device='cuda:0', dtype=torch.float64)"
667,val,97.93828520507813,0.01216475412249565,4.269677737426758,"tensor(81.4600, device='cuda:0', dtype=torch.float64)"
668,train,99.34656564526367,0.012329475978523493,4.409600598205566,"tensor(80.3890, device='cuda:0', dtype=torch.float64)"
668,val,95.74756215820312,0.01189224426150322,4.1772814514160155,"tensor(81.5800, device='cuda:0', dtype=torch.float64)"
669,train,99.47588817932129,0.012346175646170974,4.410335708358764,"tensor(80.3559, device='cuda:0', dtype=torch.float64)"
669,val,97.02392651367188,0.012053727060556413,4.210227899169922,"tensor(81.3600, device='cuda:0', dtype=torch.float64)"
670,train,99.60174483862305,0.012362117282256484,4.41344174458313,"tensor(80.3150, device='cuda:0', dtype=torch.float64)"
670,val,97.57707592773437,0.01212776962518692,4.19324946899414,"tensor(81.4400, device='cuda:0', dtype=torch.float64)"
671,train,99.52273028320313,0.012352134333953262,4.411295877319336,"tensor(80.3336, device='cuda:0', dtype=torch.float64)"
671,val,97.789130078125,0.012154655849933624,4.198279513549805,"tensor(81.5200, device='cuda:0', dtype=torch.float64)"
672,train,99.79979472216797,0.012387931311190129,4.4127235610961915,"tensor(80.2737, device='cuda:0', dtype=torch.float64)"
672,val,97.80025029296876,0.012149725133180618,4.247366082763672,"tensor(81.1600, device='cuda:0', dtype=torch.float64)"
673,train,99.40538489489747,0.012336618325591088,4.413423786376953,"tensor(80.3524, device='cuda:0', dtype=torch.float64)"
673,val,96.2794818359375,0.011951400876045227,4.253694802856446,"tensor(81.6200, device='cuda:0', dtype=torch.float64)"
674,train,99.69363981848144,0.012374273935556412,4.4117304919128415,"tensor(80.2936, device='cuda:0', dtype=torch.float64)"
674,val,95.4694138671875,0.011854173094034194,4.192280737304688,"tensor(81.8400, device='cuda:0', dtype=torch.float64)"
675,train,99.52450716442871,0.0123522678155303,4.412044946914673,"tensor(80.3424, device='cuda:0', dtype=torch.float64)"
675,val,100.54950576171875,0.012509533858299256,4.22609517211914,"tensor(80.5800, device='cuda:0', dtype=torch.float64)"
676,train,99.22850845751952,0.01231410262799263,4.409918170074463,"tensor(80.4092, device='cuda:0', dtype=torch.float64)"
676,val,93.40523051757812,0.011584641098976136,4.203494299316406,"tensor(82.3600, device='cuda:0', dtype=torch.float64)"
677,train,99.45616270605468,0.01234344083788991,4.411668254821778,"tensor(80.3596, device='cuda:0', dtype=torch.float64)"
677,val,98.48467177734375,0.012243392896652222,4.210545874023437,"tensor(81.4400, device='cuda:0', dtype=torch.float64)"
678,train,99.33001506433105,0.012327334540277719,4.409539112289429,"tensor(80.3978, device='cuda:0', dtype=torch.float64)"
678,val,103.89416904296876,0.01293573340177536,4.289021307373047,"tensor(80.0400, device='cuda:0', dtype=torch.float64)"
679,train,99.40663097827148,0.012336914536774159,4.412389040435791,"tensor(80.3675, device='cuda:0', dtype=torch.float64)"
679,val,97.29889248046875,0.012091823846101761,4.191849157714843,"tensor(81.5000, device='cuda:0', dtype=torch.float64)"
680,train,99.06972601037597,0.012293588238909841,4.40909656300354,"tensor(80.4662, device='cuda:0', dtype=torch.float64)"
680,val,97.44099912109375,0.012109531998634338,4.197602960205078,"tensor(81.4800, device='cuda:0', dtype=torch.float64)"
